time,ax (m/s^2),ay (m/s^2),az (m/s^2),aT (m/s^2)
0.002354,-0.2080,0.0130,-0.4110,0.461
0.002766,-0.2480,0.0320,-0.3190,0.405
0.003154,-0.2770,0.0390,-0.2570,0.380
0.004262,-0.3040,0.0200,-0.2080,0.369
0.007824,-0.3410,0.0230,-0.1550,0.375
0.009196,-0.3230,0.0010,-0.1110,0.342
0.011346,-0.3220,0.0000,-0.0790,0.332
0.013834,-0.2780,0.0260,-0.0540,0.284
0.017004,-0.2820,0.0400,-0.0320,0.287
0.019283,-0.2240,0.0280,-0.0430,0.230
0.021416,-0.1710,0.0170,0.0070,0.172
0.023923,-0.1430,0.0190,0.0080,0.144
0.026561,-0.1020,0.0410,0.0020,0.110
0.029726,-0.0880,0.0580,-0.0080,0.106
0.032354,-0.0690,0.0510,0.0030,0.086
0.033996,-0.0260,0.0390,0.0000,0.047
0.036498,-0.0030,0.0420,0.0360,0.055
0.039372,0.0050,0.0330,0.0560,0.065
0.041673,0.0210,0.0350,0.0690,0.080
0.044057,0.0660,0.0260,0.0870,0.112
0.046660,0.0540,-0.0020,0.0970,0.111
0.049395,0.0800,-0.0040,0.1170,0.142
0.051956,0.0340,-0.0060,0.1400,0.144
0.054142,0.0480,0.0080,0.1500,0.158
0.056604,0.0280,-0.0130,0.1320,0.136
0.059248,0.0450,0.0080,0.1000,0.110
0.063513,0.0300,-0.0080,0.1020,0.107
0.064167,0.0250,-0.0080,0.0920,0.096
0.066784,0.0290,-0.0070,0.0700,0.076
0.069408,0.0360,-0.0100,0.0170,0.041
0.071885,0.0260,-0.0310,-0.0190,0.045
0.075727,0.0090,-0.0740,-0.0690,0.102
0.076706,-0.0150,-0.0720,-0.0800,0.109
0.079305,-0.0410,-0.0580,-0.1040,0.126
0.081726,-0.0580,-0.0720,-0.1470,0.174
0.084671,-0.0830,-0.0960,-0.1890,0.228
0.086969,-0.0900,-0.0910,-0.2100,0.246
0.089213,-0.0260,-0.0630,-0.2150,0.226
0.091714,-0.0240,-0.0820,-0.2500,0.264
0.094976,-0.0120,-0.0890,-0.2640,0.279
0.097081,0.0220,-0.0770,-0.2700,0.282
0.099341,0.0240,-0.0870,-0.2720,0.287
0.101818,0.0300,-0.0610,-0.2620,0.271
0.104247,0.0300,-0.0610,-0.2980,0.306
0.107094,0.0800,-0.0770,-0.2520,0.275
0.109369,0.0720,-0.0680,-0.2360,0.256
0.111943,0.0360,-0.0870,-0.2330,0.251
0.114606,0.0400,-0.0630,-0.2210,0.233
0.117118,0.0090,-0.0870,-0.1880,0.207
0.119679,0.0060,-0.0650,-0.1500,0.164
0.122036,-0.0480,-0.0360,-0.1310,0.144
0.124387,-0.0530,-0.0600,-0.1460,0.167
0.127029,-0.0720,-0.0770,-0.0910,0.139
0.129865,-0.0820,-0.0580,-0.1200,0.156
0.132009,-0.0610,-0.0270,-0.1080,0.127
0.134437,-0.0370,-0.0240,-0.0940,0.104
0.136942,0.0020,-0.0120,-0.0900,0.091
0.139933,0.0310,-0.0220,-0.1210,0.127
0.142383,0.0920,-0.0070,-0.1380,0.166
0.144524,0.0990,-0.0030,-0.1850,0.210
0.147132,0.1250,0.0110,-0.1920,0.229
0.149632,0.1580,0.0280,-0.2140,0.267
0.152342,0.1120,-0.0030,-0.2540,0.278
0.154627,0.1450,-0.0240,-0.2850,0.321
0.158481,0.1380,-0.0240,-0.2610,0.296
0.160106,0.1130,-0.0100,-0.3010,0.322
0.163106,0.1060,-0.0100,-0.2930,0.312
0.165206,0.1040,-0.0360,-0.2840,0.305
0.167308,0.0750,-0.0030,-0.3070,0.316
0.169635,0.0630,-0.0080,-0.2690,0.276
0.172547,0.0440,0.0060,-0.2740,0.278
0.174896,0.0180,0.0110,-0.2500,0.251
0.177219,-0.0030,0.0420,-0.2570,0.260
0.179782,0.0280,0.0130,-0.2590,0.261
0.182147,0.0130,0.0200,-0.2640,0.265
0.184716,0.0040,0.0270,-0.2670,0.268
0.187356,0.0000,0.0130,-0.2400,0.240
0.189725,-0.0160,0.0350,-0.2310,0.234
0.192212,0.0070,0.0180,-0.2410,0.242
0.194937,-0.0190,0.0250,-0.2410,0.243
0.197305,-0.0210,0.0300,-0.2370,0.240
0.199787,-0.0110,0.0490,-0.2440,0.249
0.202254,-0.0160,0.0440,-0.2470,0.251
0.204725,-0.0130,0.0110,-0.2600,0.261
0.207585,-0.0460,0.0440,-0.2240,0.233
0.209857,-0.0530,0.0540,-0.2080,0.221
0.212285,-0.0700,0.0610,-0.1640,0.188
0.214778,-0.0980,0.0740,-0.1050,0.162
0.217702,-0.1220,0.0470,-0.0680,0.147
0.220025,-0.1600,0.0430,-0.0040,0.166
0.222370,-0.2120,0.0380,0.0340,0.218
0.224853,-0.2290,0.0190,0.0760,0.242
0.228173,-0.2170,0.0170,0.1280,0.253
0.230206,-0.1810,0.0100,0.1630,0.244
0.232480,-0.1400,0.0070,0.1380,0.197
0.234905,-0.1260,0.0000,0.1180,0.173
0.237962,-0.0410,-0.0200,0.0630,0.078
0.240293,-0.0340,0.0080,0.0150,0.038
0.242510,0.0330,-0.0080,-0.0110,0.036
0.245105,0.0450,-0.0180,-0.0920,0.104
0.248125,0.0770,-0.0220,-0.1900,0.206
0.250478,0.0860,-0.0270,-0.2580,0.273
0.252569,0.1180,0.0000,-0.3050,0.327
0.255261,0.0690,-0.0350,-0.3240,0.333
0.258205,0.0640,-0.0110,-0.3870,0.392
0.260144,0.0820,-0.0040,-0.3820,0.391
0.262779,0.0600,-0.0420,-0.4240,0.430
0.265134,0.0420,-0.0130,-0.4060,0.408
0.268161,0.0150,-0.0370,-0.4390,0.441
0.270032,0.0070,-0.0210,-0.4120,0.413
0.274245,0.0060,0.0050,-0.3880,0.388
0.275292,-0.0360,0.0100,-0.3540,0.356
0.278464,-0.0110,-0.0300,-0.3080,0.310
0.280173,-0.0400,-0.0010,-0.3010,0.304
0.282790,-0.0560,0.0100,-0.2480,0.254
0.285302,-0.0520,-0.0010,-0.2100,0.216
0.288251,-0.0190,0.0170,-0.1600,0.162
0.290107,-0.0230,-0.0110,-0.1650,0.167
0.292644,-0.0190,0.0030,-0.1030,0.105
0.295341,-0.0220,0.0240,-0.1200,0.124
0.298313,-0.0090,-0.0060,-0.1080,0.109
0.300179,0.0150,-0.0030,-0.1280,0.129
0.302694,0.0170,0.0080,-0.1040,0.106
0.305759,0.0350,-0.0130,-0.1300,0.135
0.308513,0.0450,0.0250,-0.1250,0.135
0.310340,0.0390,0.0220,-0.1270,0.135
0.312739,0.0410,0.0180,-0.1320,0.139
0.315212,0.0260,-0.0170,-0.1050,0.109
0.318573,0.0490,0.0060,-0.1290,0.138
0.320494,0.0380,0.0010,-0.1590,0.163
0.323222,0.0260,-0.0150,-0.1440,0.147
0.325321,0.0660,-0.0540,-0.1840,0.203
0.328561,0.0550,-0.0300,-0.2020,0.211
0.330499,0.0570,-0.0370,-0.2490,0.258
0.332888,0.0870,-0.0350,-0.2960,0.310
0.335327,0.1370,-0.0400,-0.3110,0.342
0.338965,0.1290,-0.0300,-0.3300,0.356
0.340794,0.1350,-0.0330,-0.3570,0.383
0.342934,0.1490,-0.0280,-0.3370,0.370
0.345391,0.1360,-0.0300,-0.3650,0.391
0.348513,0.1260,-0.0400,-0.3950,0.417
0.350676,0.0870,-0.0520,-0.3610,0.375
0.352955,0.0540,-0.0520,-0.3740,0.381
0.355448,0.0460,-0.0430,-0.3600,0.365
0.358486,0.0290,-0.0330,-0.3470,0.350
0.362917,0.0310,-0.0350,-0.3610,0.364
0.363516,-0.0060,-0.0140,-0.3470,0.347
0.365876,0.0050,-0.0310,-0.3520,0.353
0.368668,0.0070,-0.0260,-0.3010,0.302
0.370483,0.0310,-0.0190,-0.3180,0.320
0.373464,0.0410,-0.0090,-0.2690,0.272
0.375650,0.0550,-0.0310,-0.2210,0.230
0.378709,0.0430,-0.0330,-0.2050,0.212
0.380536,0.0190,-0.0230,-0.1440,0.147
0.383477,0.0430,-0.0230,-0.1400,0.148
0.385685,0.0200,-0.0300,-0.0880,0.095
0.388685,0.0080,-0.0280,-0.0460,0.054
0.390547,0.0170,-0.0560,-0.0660,0.088
0.393085,-0.0340,-0.0420,-0.0210,0.058
0.395951,0.0010,0.0100,-0.0440,0.045
0.398726,-0.0050,-0.0060,-0.0300,0.031
0.400615,-0.0310,-0.0300,-0.0740,0.086
0.403142,-0.0210,-0.0010,-0.1030,0.105
0.405969,-0.0140,-0.0010,-0.1130,0.114
0.408853,0.0110,-0.0130,-0.1390,0.140
0.410701,0.0310,0.0150,-0.1650,0.169
0.413191,0.0470,0.0410,-0.2040,0.213
0.415694,0.0160,-0.0340,-0.2250,0.228
0.418939,0.0260,-0.0270,-0.2630,0.266
0.420802,0.0000,-0.0060,-0.2930,0.293
0.423238,0.0070,-0.0080,-0.3120,0.312
0.425776,-0.0330,0.0120,-0.3140,0.316
0.428889,-0.0140,0.0000,-0.3850,0.385
0.430823,0.0000,0.0290,-0.3940,0.395
0.433253,-0.0110,0.0030,-0.3910,0.391
0.435755,0.0210,0.0050,-0.3960,0.397
0.439163,0.0090,0.0260,-0.3790,0.380
0.440891,0.0500,0.0050,-0.3540,0.358
0.443327,0.0590,0.0170,-0.3850,0.390
0.445805,0.1120,0.0220,-0.4060,0.422
0.449095,0.0970,0.0120,-0.4760,0.486
0.451259,0.1110,0.0260,-0.4660,0.480
0.453454,0.0850,0.0240,-0.5040,0.512
0.455896,0.0650,0.0570,-0.5040,0.511
0.459165,0.0510,0.0480,-0.4490,0.454
0.462738,0.0530,0.0260,-0.4900,0.494
0.463603,0.0060,0.0380,-0.4570,0.459
0.466158,0.0390,0.0150,-0.4440,0.446
0.469081,0.0080,0.0410,-0.4280,0.430
0.471310,0.0250,0.0410,-0.4020,0.405
0.473646,0.0040,0.0360,-0.3600,0.362
0.476862,0.0230,0.0390,-0.2800,0.284
0.479218,0.0080,0.0320,-0.2480,0.250
0.480977,-0.0120,0.0510,-0.1920,0.199
0.483745,-0.0190,0.0560,-0.1340,0.146
0.486116,-0.0050,0.0350,-0.0860,0.093
0.489192,0.0200,0.0070,-0.0420,0.047
0.491025,0.0370,0.0120,-0.0290,0.049
0.494342,0.0410,0.0310,-0.0110,0.053
0.496304,0.0770,0.0070,0.0170,0.079
0.499169,0.0430,-0.0150,-0.0070,0.046
0.501094,0.0660,-0.0030,-0.0080,0.067
0.503667,0.0750,-0.0010,-0.0550,0.093
0.506348,0.0630,-0.0010,-0.0870,0.107
0.509302,0.0460,-0.0050,-0.1280,0.136
0.511105,0.0530,0.0130,-0.1530,0.162
0.513622,0.0570,-0.0070,-0.1850,0.194
0.516455,0.0760,0.0060,-0.2330,0.245
0.519253,0.0640,-0.0030,-0.2430,0.251
0.521158,0.1020,0.0330,-0.2480,0.270
0.523789,0.1040,0.0210,-0.3090,0.327
0.526484,0.1060,-0.0070,-0.2830,0.302
0.529421,0.1270,0.0260,-0.3210,0.346
0.531555,0.1050,0.0300,-0.2930,0.313
0.534580,0.1240,0.0310,-0.3110,0.336
0.536596,0.1120,0.0070,-0.3140,0.333
0.540211,0.1090,-0.0070,-0.3220,0.340
0.542410,0.1090,-0.0180,-0.3340,0.352
0.544007,0.1210,0.0000,-0.2990,0.323
0.546803,0.1400,-0.0040,-0.2650,0.300
0.550699,0.1440,0.0030,-0.2370,0.277
0.551732,0.1300,-0.0030,-0.2120,0.249
0.554206,0.1250,-0.0060,-0.2100,0.244
0.556801,0.0910,-0.0390,-0.2090,0.231
0.559713,0.0650,-0.0150,-0.1820,0.194
0.561822,0.0650,-0.0440,-0.1520,0.171
0.564236,0.0440,-0.0430,-0.1720,0.183
0.566872,0.0490,-0.0380,-0.1610,0.173
0.569869,0.0270,-0.0310,-0.1720,0.177
0.571906,0.0130,-0.0290,-0.1680,0.171
0.576226,-0.0290,-0.0380,-0.1740,0.180
0.577221,-0.0090,-0.0550,-0.2270,0.234
0.579705,-0.0260,-0.0350,-0.2230,0.227
0.581539,0.0090,-0.0500,-0.2450,0.250
0.584361,-0.0420,-0.0520,-0.2410,0.250
0.586719,-0.0230,-0.0330,-0.2450,0.248
0.589498,-0.0700,-0.0330,-0.2710,0.282
0.591665,-0.0490,-0.0210,-0.2790,0.284
0.595199,-0.0560,-0.0230,-0.2910,0.297
0.596942,-0.0480,-0.0400,-0.2410,0.249
0.599503,-0.0630,-0.0350,-0.2360,0.247
0.601698,-0.0290,-0.0330,-0.2100,0.215
0.604223,-0.0320,-0.0300,-0.2080,0.213
0.607206,-0.0220,-0.0230,-0.2120,0.214
0.609742,-0.0320,-0.0450,-0.1550,0.165
0.612088,0.0260,-0.0540,-0.1260,0.140
0.614689,0.0430,-0.0610,-0.1380,0.157
0.617614,0.0280,-0.0540,-0.1290,0.143
0.619899,0.0920,-0.0420,-0.1380,0.171
0.622148,0.0920,-0.0490,-0.1190,0.158
0.624470,0.1150,-0.0520,-0.1570,0.201
0.627341,0.1050,-0.0280,-0.1830,0.213
0.630035,0.0850,-0.0420,-0.1630,0.189
0.631990,0.1090,-0.0470,-0.2110,0.242
0.634583,0.0870,-0.0260,-0.2050,0.224
0.638125,0.0720,-0.0620,-0.2140,0.234
0.640978,0.1010,-0.0420,-0.1940,0.223
0.642245,0.0400,-0.0470,-0.2680,0.275
0.644372,0.0450,-0.0400,-0.2740,0.281
0.647103,0.0450,-0.0400,-0.2830,0.289
0.650647,0.0370,-0.0070,-0.3300,0.332
0.652722,0.0340,-0.0450,-0.3500,0.355
0.655302,0.0480,0.0040,-0.3830,0.386
0.656927,0.0720,0.0080,-0.3720,0.379
0.659713,0.0670,0.0080,-0.3520,0.358
0.663578,0.0780,0.0130,-0.3760,0.384
0.664502,0.1120,0.0030,-0.3270,0.346
0.667051,0.1160,-0.0120,-0.3100,0.331
0.669712,0.1160,0.0440,-0.3310,0.353
0.679130,0.1730,0.0270,-0.2940,0.342
0.680497,0.1700,0.0440,-0.2530,0.308
0.683103,0.1690,0.0370,-0.2390,0.295
0.683494,0.1810,0.0420,-0.2190,0.287
0.683789,0.1920,0.0560,-0.2070,0.288
0.684889,0.2280,0.0320,-0.2000,0.305
0.687366,0.1920,0.0320,-0.2140,0.289
0.689547,0.2110,0.0420,-0.1750,0.277
0.692175,0.2150,-0.0010,-0.1990,0.293
0.694878,0.1870,0.0320,-0.2270,0.296
0.697341,0.1770,0.0460,-0.2050,0.275
0.699621,0.1960,0.0440,-0.1840,0.272
0.702083,0.1680,0.0130,-0.1790,0.246
0.705945,0.1460,0.0460,-0.1740,0.232
0.707437,0.1470,0.0290,-0.2330,0.277
0.710551,0.1020,-0.0010,-0.2210,0.243
0.712457,0.1050,0.0100,-0.2510,0.272
0.714620,0.0500,0.0270,-0.2510,0.257
0.718242,0.0700,0.0120,-0.2750,0.284
0.719934,0.0060,0.0030,-0.2630,0.263
0.722189,0.0240,0.0000,-0.2770,0.278
0.724745,0.0360,0.0100,-0.2760,0.279
0.727995,0.0000,0.0210,-0.3000,0.301
0.730434,0.0110,0.0210,-0.3360,0.337
0.732744,0.0000,0.0170,-0.3120,0.312
0.735606,-0.0200,-0.0040,-0.3000,0.301
0.737345,-0.0170,0.0020,-0.2590,0.260
0.740286,-0.0250,0.0120,-0.2860,0.287
0.742784,0.0100,0.0090,-0.2550,0.255
0.744878,-0.0120,0.0280,-0.2360,0.238
0.747640,-0.0210,0.0400,-0.2070,0.212
0.750917,0.0050,0.0310,-0.1570,0.160
0.752511,0.0000,-0.0110,-0.1150,0.116
0.755456,0.0060,0.0290,-0.0840,0.089
0.757289,0.0250,0.0070,-0.0630,0.068
0.759961,0.0780,0.0210,-0.0210,0.083
0.762679,0.0540,0.0140,0.0140,0.058
0.765662,0.1050,0.0020,0.0320,0.110
0.767685,0.1340,0.0070,0.0280,0.137
0.770006,0.1530,0.0190,0.0470,0.161
0.775653,0.1720,-0.0090,0.0000,0.172
0.776394,0.1600,0.0090,0.0130,0.161
0.777428,0.1460,0.0090,-0.0040,0.146
0.780232,0.1480,-0.0040,-0.0250,0.150
0.783542,0.1130,0.0000,-0.0480,0.123
0.785129,0.0770,0.0110,-0.0800,0.112
0.787691,0.0770,0.0010,-0.0930,0.121
0.790653,0.0800,0.0080,-0.1350,0.157
0.792498,0.1050,-0.0080,-0.1240,0.163
0.795243,0.0740,-0.0200,-0.1460,0.165
0.798968,0.0790,-0.0060,-0.1590,0.178
0.800403,0.0580,-0.0130,-0.1980,0.207
0.802907,0.0390,-0.0090,-0.2200,0.224
0.806131,0.0140,-0.0230,-0.2230,0.225
0.808295,0.0190,-0.0190,-0.2500,0.251
0.810470,0.0290,-0.0140,-0.3010,0.303
0.812713,0.0130,-0.0220,-0.2850,0.286
0.815779,-0.0170,-0.0510,-0.2740,0.279
0.818537,0.0160,-0.0410,-0.2960,0.299
0.820609,0.0050,-0.0420,-0.3020,0.305
0.823456,-0.0080,-0.0470,-0.2480,0.253
0.825183,0.0150,-0.0440,-0.2700,0.274
0.829194,0.0110,-0.0210,-0.2520,0.253
0.830882,0.0020,-0.0090,-0.2270,0.227
0.832972,0.0350,-0.0500,-0.2330,0.241
0.835211,0.0330,-0.0400,-0.2190,0.225
0.839090,0.0310,-0.0310,-0.2630,0.267
0.840266,0.0190,-0.0410,-0.2480,0.252
0.842687,0.0390,-0.0700,-0.2270,0.241
0.845242,0.0290,-0.0820,-0.2620,0.276
0.848219,0.0370,-0.0460,-0.2370,0.244
0.851422,0.0320,-0.0530,-0.2500,0.258
0.853179,0.0630,-0.0390,-0.2510,0.262
0.855292,0.0540,-0.0440,-0.2260,0.236
0.858486,0.0850,-0.0440,-0.2590,0.276
0.862273,0.0580,-0.0520,-0.2760,0.287
0.863799,0.0850,-0.0300,-0.2470,0.263
0.865263,0.0750,-0.0280,-0.2190,0.233
0.868836,0.0820,-0.0450,-0.2280,0.246
0.870482,0.0800,-0.0260,-0.2500,0.264
0.875932,0.0530,-0.0160,-0.2660,0.272
0.876828,0.0390,-0.0330,-0.2500,0.255
0.878607,0.0410,-0.0020,-0.2160,0.220
0.880477,0.0460,-0.0170,-0.2000,0.206
0.884751,0.0440,-0.0170,-0.1920,0.198
0.886004,0.0510,0.0180,-0.2200,0.227
0.888519,0.0840,-0.0130,-0.1970,0.215
0.890433,0.1010,-0.0170,-0.1910,0.217
0.892963,0.0650,-0.0320,-0.2100,0.222
0.895950,0.0380,-0.0200,-0.2230,0.227
0.898774,0.0740,-0.0200,-0.2120,0.225
0.900606,0.0670,-0.0390,-0.2070,0.221
0.903747,0.0400,-0.0420,-0.1820,0.191
0.906355,0.0380,-0.0110,-0.1760,0.180
0.908799,0.0210,-0.0110,-0.1560,0.158
0.910764,0.0210,-0.0230,-0.1630,0.166
0.913419,0.0280,-0.0380,-0.1380,0.146
0.915633,0.0200,-0.0450,-0.1500,0.158
0.919060,0.0250,-0.0260,-0.1370,0.142
0.920548,0.0220,-0.0570,-0.1150,0.130
0.923799,-0.0080,-0.0710,-0.1150,0.135
0.925548,0.0250,-0.0380,-0.1140,0.123
0.929004,0.0190,-0.0470,-0.1280,0.138
0.931066,0.0240,-0.0380,-0.1420,0.149
0.933244,0.0450,-0.0620,-0.1300,0.151
0.935844,0.0710,-0.0260,-0.1290,0.150
0.939688,0.0800,-0.0260,-0.1840,0.202
0.940928,0.0720,-0.0240,-0.1450,0.164
0.943512,0.0730,-0.0330,-0.1550,0.174
0.946277,0.0820,-0.0400,-0.1520,0.177
0.948945,0.0800,-0.0210,-0.1370,0.160
0.951320,0.0820,-0.0280,-0.1560,0.178
0.953553,0.0900,-0.0070,-0.1800,0.201
0.956404,0.0750,-0.0450,-0.1840,0.204
0.958993,0.0720,-0.0040,-0.1940,0.207
0.961719,0.1060,-0.0090,-0.1670,0.198
0.963695,0.0740,-0.0160,-0.1450,0.164
0.966020,0.0710,-0.0160,-0.1760,0.190
0.969094,0.0580,-0.0110,-0.2090,0.217
0.971207,0.0470,0.0040,-0.1870,0.193
0.976445,0.0650,0.0020,-0.1660,0.178
0.977871,0.0880,0.0160,-0.1730,0.195
0.978959,0.0750,-0.0060,-0.1910,0.205
0.980894,0.1020,-0.0160,-0.1910,0.217
0.984756,0.0910,-0.0090,-0.1840,0.205
0.986076,0.0830,0.0140,-0.1950,0.212
0.989024,0.0770,0.0090,-0.1860,0.202
0.991353,0.1070,0.0240,-0.1520,0.187
0.994609,0.1030,-0.0060,-0.1520,0.184
0.996043,0.0780,0.0190,-0.0990,0.127
0.999077,0.0650,0.0170,-0.1090,0.128
1.001336,0.0780,0.0170,-0.1010,0.129
1.003354,0.0980,-0.0010,-0.0850,0.130
1.006046,0.0830,0.0170,-0.0800,0.117
1.009108,0.1060,-0.0150,-0.0580,0.122
1.011360,0.1260,-0.0080,-0.0580,0.139
1.014195,0.1440,0.0290,-0.0440,0.153
1.017158,0.1400,0.0080,-0.0680,0.156
1.019637,0.1300,-0.0130,-0.0680,0.147
1.021068,0.1480,-0.0410,-0.0730,0.170
1.023854,0.1080,-0.0030,-0.1060,0.151
1.026231,0.1380,-0.0080,-0.0660,0.153
1.029468,0.1230,-0.0170,-0.0590,0.137
1.031361,0.1170,-0.0100,-0.0560,0.130
1.033679,0.0950,0.0060,-0.0470,0.106
1.036537,0.0780,-0.0050,-0.0280,0.083
1.039321,0.0650,-0.0220,-0.0310,0.075
1.041225,0.1000,0.0010,0.0040,0.100
1.043821,0.0660,-0.0170,-0.0480,0.083
1.046822,0.0480,-0.0140,-0.0380,0.063
1.050698,0.0480,-0.0240,-0.0410,0.068
1.051969,0.0420,-0.0310,-0.0620,0.081
1.054472,0.0390,-0.0240,-0.0810,0.093
1.056192,0.0290,-0.0070,-0.0720,0.078
1.059526,0.0500,-0.0090,-0.1190,0.129
1.061410,0.0140,-0.0310,-0.0930,0.099
1.064084,0.0390,-0.0090,-0.1120,0.119
1.066996,0.0460,-0.0260,-0.0930,0.107
1.069357,0.0670,-0.0020,-0.1290,0.145
1.075399,0.0660,-0.0020,-0.1090,0.127
1.076960,0.0680,-0.0090,-0.0950,0.117
1.077282,0.0650,-0.0120,-0.0780,0.102
1.079879,0.0350,-0.0260,-0.0880,0.098
1.081821,0.0750,-0.0070,-0.0710,0.104
1.086089,0.0360,0.0110,-0.0150,0.041
1.086857,0.0620,-0.0260,-0.0420,0.079
1.089617,0.0590,-0.0210,-0.0200,0.066
1.091517,0.0220,-0.0450,-0.0200,0.054
1.094610,0.0740,0.0020,0.0180,0.076
1.096663,0.0260,-0.0470,0.0150,0.056
1.099500,0.0400,-0.0040,0.0160,0.043
1.101951,0.0250,0.0000,0.0470,0.053
1.104916,0.0140,-0.0260,0.0740,0.080
1.106763,0.0230,-0.0070,0.1150,0.117
1.109701,-0.0080,-0.0210,0.0720,0.075
1.111807,0.0120,-0.0160,0.0400,0.045
1.114479,-0.0160,-0.0070,0.0450,0.048
1.117653,0.0040,-0.0090,0.0510,0.052
1.119983,0.0150,-0.0020,0.0210,0.026
1.121770,0.0450,-0.0140,0.0050,0.047
1.123901,0.0640,0.0040,-0.0120,0.065
1.126898,0.0680,0.0010,-0.0160,0.070
1.129538,0.1030,-0.0170,-0.0170,0.106
1.131604,0.1070,0.0030,-0.0370,0.113
1.134032,0.0850,-0.0050,-0.0310,0.091
1.136775,0.1070,-0.0010,-0.0440,0.116
1.139659,0.0920,-0.0300,-0.0470,0.108
1.142177,0.0780,-0.0270,-0.0570,0.100
1.144714,0.0510,-0.0130,-0.0580,0.078
1.146984,0.0370,-0.0640,-0.0690,0.101
1.150331,0.0110,-0.0060,-0.0580,0.059
1.152008,-0.0050,-0.0160,-0.0390,0.042
1.155064,-0.0100,-0.0310,-0.0380,0.050
1.156515,0.0130,-0.0410,-0.0480,0.064
1.159717,0.0080,-0.0340,-0.0250,0.043
1.161993,0.0060,-0.0360,-0.0020,0.037
1.164250,0.0180,-0.0200,0.0420,0.050
1.166735,0.0200,-0.0200,-0.0160,0.032
1.169304,0.0300,-0.0150,-0.0020,0.034
1.175197,0.0060,-0.0110,-0.0310,0.033
1.175934,-0.0030,-0.0250,-0.0230,0.034
1.176879,-0.0360,-0.0060,-0.0880,0.095
1.180606,-0.0320,-0.0350,-0.0620,0.078
1.182446,-0.0200,-0.0230,-0.1370,0.140
1.186922,-0.0030,-0.0190,-0.1570,0.158
1.187722,0.0050,0.0090,-0.1620,0.162
1.189346,0.0170,-0.0150,-0.2150,0.216
1.191824,0.0330,-0.0030,-0.2160,0.219
1.195200,0.0590,-0.0050,-0.2260,0.234
1.197102,0.0610,-0.0080,-0.2290,0.237
1.199652,0.0580,-0.0200,-0.2270,0.235
1.202029,0.0930,-0.0180,-0.2060,0.227
1.205822,0.1000,0.0000,-0.1880,0.213
1.207162,0.1140,-0.0520,-0.1990,0.235
1.209521,0.1320,-0.0160,-0.2020,0.242
1.211962,0.1530,-0.0040,-0.2370,0.282
1.214571,0.1550,-0.0020,-0.1710,0.231
1.217229,0.1450,0.0210,-0.1390,0.202
1.219711,0.1660,-0.0210,-0.2000,0.261
1.222102,0.1780,-0.0190,-0.2040,0.271
1.224816,0.1340,-0.0330,-0.2050,0.247
1.228312,0.1190,-0.0120,-0.2300,0.259
1.230253,0.0930,-0.0310,-0.2130,0.234
1.232130,0.0880,-0.0120,-0.1930,0.212
1.234440,0.0850,-0.0140,-0.1940,0.212
1.236891,0.0580,-0.0360,-0.1770,0.190
1.239941,0.0800,-0.0310,-0.1700,0.190
1.242211,0.0800,-0.0240,-0.1710,0.190
1.244854,0.0630,-0.0290,-0.1740,0.187
1.247474,0.0720,-0.0360,-0.1450,0.166
1.250411,0.0700,-0.0530,-0.1710,0.192
1.252541,0.0720,-0.0390,-0.1590,0.179
1.254715,0.1150,-0.0600,-0.1080,0.169
1.257664,0.1390,-0.0410,-0.1300,0.195
1.259839,0.1510,-0.0120,-0.1060,0.185
1.262222,0.1360,-0.0100,-0.1110,0.176
1.264695,0.1440,-0.0120,-0.0800,0.165
1.267774,0.1270,-0.0240,-0.0370,0.134
1.269767,0.1580,-0.0150,-0.0420,0.164
1.275356,0.1530,-0.0120,-0.0400,0.159
1.276352,0.1270,-0.0100,-0.0380,0.133
1.279116,0.1460,-0.0050,-0.0310,0.149
1.280512,0.1440,-0.0070,-0.0200,0.146
1.286520,0.1200,-0.0220,-0.0170,0.123
1.287696,0.0920,0.0040,0.0000,0.092
1.288233,0.1190,0.0090,0.0000,0.119
1.289989,0.1400,0.0130,0.0310,0.144
1.292393,0.1310,0.0060,0.0140,0.132
1.295021,0.1200,0.0090,0.0090,0.121
1.297503,0.1130,0.0040,0.0160,0.114
1.300181,0.0990,0.0180,0.0020,0.101
1.302900,0.0760,0.0000,-0.0140,0.077
1.305593,0.1050,0.0040,-0.0310,0.110
1.307717,0.0840,0.0000,-0.0570,0.102
1.310108,0.0940,-0.0070,-0.0160,0.096
1.312498,0.0920,0.0000,-0.0520,0.106
1.315096,0.0740,-0.0030,-0.0400,0.084
1.317625,0.1030,-0.0120,-0.0570,0.118
1.320030,0.0970,0.0060,-0.0490,0.109
1.322476,0.1140,0.0100,-0.0510,0.125
1.325200,0.0840,0.0180,-0.0510,0.100
1.328024,0.0750,0.0030,-0.0630,0.098
1.330484,0.0520,0.0200,-0.0840,0.101
1.332461,0.0360,-0.0220,-0.0940,0.103
1.335561,0.0320,-0.0180,-0.0790,0.087
1.338920,0.0090,-0.0370,-0.0890,0.097
1.340287,0.0270,-0.0010,-0.0980,0.102
1.342659,0.0000,-0.0230,-0.1100,0.112
1.344963,-0.0280,-0.0390,-0.1020,0.113
1.347784,-0.0180,-0.0230,-0.1050,0.109
1.350631,-0.0240,0.0100,-0.1070,0.110
1.352813,-0.0380,-0.0060,-0.0730,0.083
1.355192,-0.0280,-0.0230,-0.0820,0.090
1.358880,-0.0130,-0.0280,-0.0660,0.073
1.361125,-0.0150,-0.0090,-0.0490,0.052
1.363294,0.0090,-0.0040,0.0000,0.010
1.365000,0.0380,0.0000,-0.0200,0.043
1.368294,0.0400,-0.0300,-0.0420,0.065
1.370087,0.0670,-0.0370,0.0080,0.077
1.374829,0.0690,-0.0330,-0.0180,0.079
1.375549,0.1150,-0.0040,-0.0290,0.119
1.378629,0.0860,-0.0160,-0.0340,0.094
1.380450,0.0930,-0.0260,-0.0170,0.098
1.383262,0.1100,-0.0300,-0.0240,0.117
1.385337,0.1310,-0.0210,-0.0100,0.133
1.388501,0.1120,-0.0160,0.0130,0.114
1.391029,0.0910,-0.0420,-0.0070,0.100
1.392790,0.0960,0.0090,-0.0050,0.097
1.395979,0.1130,-0.0690,0.0230,0.134
1.398518,0.0940,-0.0160,-0.0050,0.095
1.400595,0.0820,-0.0350,0.0380,0.097
1.402939,0.0940,-0.0260,0.0090,0.098
1.405780,0.0820,-0.0230,-0.0020,0.085
1.408680,0.0610,-0.0210,0.0120,0.066
1.410572,0.0060,-0.0350,-0.0130,0.038
1.413215,0.0020,-0.0380,-0.0270,0.047
1.416597,0.0260,-0.0210,-0.0770,0.084
1.418942,0.0380,-0.0430,-0.0670,0.088
1.420383,0.0170,-0.0570,-0.0520,0.079
1.424959,0.0530,-0.0600,-0.0920,0.122
1.426056,0.0800,-0.0290,-0.0730,0.112
1.428530,0.0870,-0.0500,-0.0960,0.139
1.430381,0.0750,-0.0360,-0.0980,0.129
1.432957,0.0560,-0.0600,-0.0670,0.106
1.435446,0.0950,-0.0460,-0.0500,0.117
1.438987,0.0660,-0.0580,-0.0950,0.129
1.440514,0.0780,-0.0430,-0.0850,0.123
1.443625,0.0310,-0.0580,-0.0680,0.095
1.445492,0.0640,-0.0430,-0.0680,0.103
1.449976,0.1050,-0.0840,-0.0440,0.141
1.452187,0.1050,-0.0240,-0.0580,0.122
1.453042,0.0840,-0.0480,-0.0530,0.110
1.455579,0.0890,-0.0460,-0.0670,0.121
1.458859,0.1180,-0.0220,-0.0500,0.130
1.461173,0.0960,-0.0550,-0.0530,0.123
1.463120,0.0750,-0.0700,-0.0670,0.123
1.465486,0.0680,-0.0650,-0.0430,0.103
1.468545,0.0390,-0.0680,-0.0170,0.080
1.474758,0.0920,-0.0410,-0.0600,0.117
1.475489,0.0660,-0.0770,-0.0480,0.112
1.476152,0.0230,-0.0770,-0.0160,0.082
1.478975,0.0420,-0.0460,-0.0090,0.063
1.480770,0.0550,-0.0680,-0.0190,0.089
1.483323,0.0450,-0.0600,-0.0710,0.103
1.485961,0.0310,-0.0580,-0.0520,0.084
1.488837,0.0410,-0.0370,-0.0090,0.056
1.490677,0.0360,-0.0410,0.0190,0.058
1.493881,0.0700,-0.0580,0.0140,0.092
1.495750,0.0630,-0.0410,0.0550,0.093
1.498839,0.0560,-0.0150,0.0620,0.085
1.500707,0.0920,-0.0250,0.0360,0.102
1.503197,0.1110,-0.0530,0.0690,0.141
1.505861,0.0940,-0.0130,0.0770,0.122
1.508757,0.1150,-0.0510,0.0630,0.141
1.510748,0.1270,-0.0390,0.0700,0.150
1.513214,0.1440,-0.0180,0.0420,0.151
1.515846,0.1510,-0.0490,0.0440,0.165
1.519119,0.1410,-0.0220,0.0280,0.145
1.520748,0.1250,-0.0220,-0.0110,0.127
1.523238,0.1180,-0.0370,0.0380,0.129
1.525931,0.1100,-0.0080,0.0060,0.110
1.529059,0.1080,-0.0420,0.0130,0.117
1.531312,0.0910,-0.0040,0.0040,0.091
1.533379,0.0870,-0.0320,-0.0160,0.094
1.535882,0.0990,-0.0060,-0.0320,0.104
1.538994,0.0630,-0.0250,-0.0980,0.119
1.540872,0.0440,-0.0210,-0.0750,0.089
1.543357,0.0300,-0.0110,-0.1180,0.122
1.545920,0.0490,-0.0260,-0.1310,0.142
1.549186,0.0490,-0.0120,-0.1040,0.116
1.551005,0.0680,-0.0090,-0.0940,0.116
1.553449,0.0780,-0.0360,-0.0760,0.115
1.555945,0.0870,0.0060,-0.0540,0.103
1.559027,0.0850,-0.0290,-0.0270,0.094
1.561154,0.1330,0.0140,-0.0290,0.137
1.563671,0.1370,0.0000,-0.0290,0.140
1.566074,0.1370,0.0040,-0.0430,0.144
1.569348,0.1680,-0.0020,-0.0260,0.170
1.574489,0.1630,-0.0120,-0.0350,0.167
1.575353,0.1470,0.0010,-0.0080,0.147
1.576421,0.1490,0.0130,-0.0100,0.150
1.580253,0.1320,-0.0150,0.0010,0.133
1.581107,0.1750,-0.0170,-0.0120,0.176
1.583864,0.1470,0.0040,0.0040,0.147
1.586253,0.1330,-0.0120,0.0000,0.134
1.589339,0.1450,-0.0220,-0.0280,0.149
1.591119,0.1140,-0.0270,-0.0110,0.118
1.593934,0.0780,-0.0480,0.0050,0.092
1.597238,0.0740,-0.0170,-0.0200,0.079
1.599415,0.0530,-0.0170,-0.0080,0.056
1.601301,0.0670,-0.0080,-0.0340,0.076
1.603828,0.0610,-0.0290,-0.0650,0.094
1.606458,0.0440,-0.0440,-0.0410,0.075
1.609314,0.0040,-0.0410,-0.0640,0.076
1.611148,0.0590,-0.0370,-0.0910,0.115
1.613922,0.0430,-0.0510,-0.0500,0.083
1.616567,0.0760,-0.0340,-0.0450,0.095
1.619534,0.1030,-0.0130,-0.0450,0.113
1.621266,0.1120,-0.0250,-0.0230,0.117
1.623830,0.1380,-0.0320,0.0000,0.142
1.627387,0.1490,-0.0130,-0.0070,0.150
1.629775,0.1300,-0.0270,-0.0190,0.134
1.631359,0.1460,-0.0370,-0.0210,0.152
1.633940,0.1360,-0.0510,-0.0210,0.147
1.636555,0.1070,-0.0130,-0.0040,0.108
1.639731,0.1140,-0.0560,-0.0020,0.127
1.641409,0.0770,-0.0560,0.0020,0.095
1.643834,0.0790,-0.0290,-0.0280,0.089
1.646620,0.0930,-0.0120,-0.0350,0.100
1.650869,0.0860,-0.0440,0.0400,0.105
1.652268,0.0730,-0.0560,0.0280,0.096
1.654070,0.0800,-0.0410,0.0240,0.093
1.656624,0.0300,-0.0340,0.0100,0.046
1.660841,0.0320,-0.0580,-0.0440,0.080
1.661974,0.0530,-0.0240,-0.0080,0.059
1.664424,0.0470,-0.0650,-0.0290,0.085
1.666715,0.0520,-0.0460,-0.0390,0.080
1.669736,0.0420,-0.0680,-0.0760,0.110
1.673546,0.0630,-0.0410,-0.0520,0.091
1.674484,0.0860,-0.0410,-0.0730,0.120
1.677020,0.0710,-0.0340,-0.0510,0.094
1.679802,0.0780,-0.0410,-0.0340,0.094
1.681659,0.1250,-0.0560,-0.0390,0.142
1.684296,0.1290,-0.0680,-0.0170,0.147
1.686709,0.1120,-0.0700,-0.0270,0.135
1.689391,0.1260,-0.0560,0.0230,0.140
1.691756,0.1280,-0.0170,-0.0030,0.129
1.694572,0.1100,-0.0600,0.0350,0.130
1.696847,0.1150,-0.0460,0.0180,0.125
1.699782,0.1210,-0.0430,0.0440,0.136
1.701687,0.1140,-0.0550,0.0560,0.138
1.705097,0.0920,-0.0530,0.0250,0.109
1.706996,0.1060,-0.0410,0.0090,0.114
1.709641,0.1270,-0.0460,0.0400,0.141
1.711797,0.1330,-0.0460,0.0050,0.141
1.714501,0.1210,-0.0360,0.0530,0.137
1.717002,0.1230,-0.0480,0.0240,0.134
1.719648,0.0940,-0.0340,0.0170,0.101
1.721902,0.0930,-0.0530,0.0130,0.108
1.724501,0.0760,-0.0390,0.0000,0.085
1.727679,0.0930,-0.0050,0.0230,0.096
1.730325,0.0780,-0.0410,-0.0230,0.091
1.731892,0.0710,-0.0200,-0.0230,0.077
1.734561,0.0660,-0.0440,-0.0110,0.080
1.736967,0.0580,-0.0270,-0.0340,0.072
1.739757,0.0420,-0.0050,-0.0240,0.049
1.742147,0.0290,-0.0580,-0.0340,0.073
1.744256,0.0170,-0.0390,-0.0240,0.049
1.747333,0.0340,-0.0510,-0.0170,0.064
1.750014,0.0150,-0.0480,0.0490,0.070
1.751846,0.0310,-0.0750,0.0230,0.084
1.754333,0.0280,-0.0390,0.0400,0.062
1.757972,0.0520,-0.0560,0.0520,0.092
1.760083,0.0610,-0.0530,0.0710,0.108
1.761935,0.0560,-0.0340,0.0850,0.107
1.764312,0.0490,-0.0360,0.1070,0.123
1.766858,0.0530,-0.0460,0.0970,0.120
1.769322,0.0340,-0.0240,0.0730,0.084
1.773389,0.0620,-0.0410,0.1090,0.132
1.774627,0.0730,0.0000,0.0780,0.107
1.778255,0.0870,-0.0030,0.0760,0.116
1.779553,0.0750,-0.0630,0.0790,0.126
1.782699,0.1130,-0.0100,0.1430,0.183
1.784593,0.1100,-0.0050,0.0670,0.129
1.786997,0.1380,0.0000,0.0790,0.159
1.789690,0.1540,0.0110,0.0270,0.157
1.792333,0.1800,0.0110,0.0320,0.183
1.794740,0.1600,0.0060,-0.0140,0.161
1.797102,0.1570,0.0000,-0.0280,0.159
1.799615,0.1570,-0.0010,-0.0440,0.163
1.802434,0.1540,-0.0220,-0.0570,0.166
1.804925,0.1680,0.0150,-0.0880,0.190
1.807113,0.1360,-0.0080,-0.0510,0.145
1.809601,0.1210,0.0050,-0.0840,0.147
1.812045,0.1310,0.0250,-0.0740,0.153
1.814708,0.1260,0.0170,-0.0780,0.149
1.817229,0.1400,-0.0250,-0.0460,0.149
1.819662,0.1390,-0.0180,-0.0450,0.147
1.822148,0.0980,0.0080,-0.0500,0.110
1.824854,0.1320,0.0030,-0.0680,0.149
1.827181,0.0840,-0.0270,-0.0560,0.105
1.829827,0.0570,-0.0160,-0.0480,0.076
1.832231,0.0430,-0.0400,-0.0430,0.073
1.834811,0.0160,-0.0110,-0.0310,0.037
1.838383,0.0110,-0.0560,-0.0370,0.068
1.839683,0.0210,-0.0350,-0.0540,0.068
1.842108,0.0180,-0.0560,-0.0480,0.076
1.844701,0.0390,-0.0400,-0.0310,0.064
1.847535,0.0420,-0.0560,0.0040,0.070
1.849870,0.0720,-0.0490,-0.0310,0.092
1.852265,0.0450,-0.0180,-0.0160,0.051
1.855108,0.0830,-0.0590,-0.0370,0.108
1.857235,0.1160,-0.0570,-0.0540,0.140
1.862354,0.1200,-0.0210,-0.0650,0.138
1.862936,0.1240,-0.0420,-0.0650,0.146
1.864918,0.1050,-0.0420,-0.0640,0.130
1.867388,0.1190,-0.0400,-0.0690,0.143
1.870104,0.1370,-0.0490,-0.0730,0.163
1.872882,0.1340,-0.0370,-0.0710,0.156
1.874952,0.1410,0.0000,-0.0660,0.156
1.877535,0.1480,-0.0280,-0.1040,0.183
1.880079,0.1810,-0.0350,-0.1040,0.212
1.883176,0.1850,-0.0350,-0.0800,0.205
1.884892,0.1700,-0.0250,-0.1090,0.203
1.887494,0.1750,-0.0300,-0.0850,0.197
1.890603,0.1190,-0.0250,-0.0400,0.128
1.894554,0.1070,-0.0470,-0.0780,0.141
1.895295,0.1240,-0.0230,-0.0620,0.141
1.897783,0.0990,-0.0590,-0.0360,0.121
1.900064,0.0660,-0.0940,-0.0120,0.115
1.902636,0.0800,-0.0730,-0.0490,0.119
1.905145,0.0850,-0.0750,-0.0280,0.117
1.907663,0.0750,-0.0750,-0.0540,0.119
1.910227,0.0630,-0.0730,-0.0740,0.122
1.912682,0.0600,-0.0650,-0.0620,0.108
1.916606,0.1080,-0.0290,-0.0150,0.113
1.918645,0.0620,-0.0870,-0.0520,0.119
1.920149,0.0670,-0.0800,-0.0380,0.111
1.922701,0.0500,-0.0790,-0.0560,0.109
1.925055,0.0640,-0.0890,-0.0470,0.119
1.928308,0.0470,-0.0770,-0.0230,0.093
1.930135,0.0630,-0.0670,-0.0410,0.101
1.932718,0.0540,-0.0720,-0.0660,0.112
1.935615,0.0560,-0.0740,-0.0520,0.106
1.938438,0.0510,-0.1080,-0.0550,0.131
1.940182,0.0460,-0.0520,-0.0420,0.081
1.942629,0.0550,-0.0740,-0.0380,0.100
1.945261,0.0480,-0.0470,-0.0480,0.083
1.949689,0.0550,-0.0450,-0.0280,0.076
1.950396,0.0640,-0.0690,-0.0140,0.095
1.952711,0.0400,-0.0280,0.0390,0.062
1.955192,0.0610,-0.0230,0.0350,0.074
1.958899,0.0420,-0.0300,0.0720,0.089
1.960942,0.0440,-0.0440,0.0640,0.089
1.962857,0.0420,-0.0250,0.1010,0.112
1.965238,0.0460,-0.0130,0.1430,0.151
1.968340,0.0820,-0.0480,0.1540,0.181
1.974046,0.0460,-0.0630,0.1320,0.153
1.974688,0.0290,-0.0170,0.1710,0.174
1.975329,0.0100,-0.0290,0.1660,0.169
1.978452,0.0070,-0.0240,0.1240,0.126
1.980530,0.0310,0.0010,0.1420,0.145
1.983331,0.0570,-0.0260,0.0920,0.111
1.985426,0.0710,-0.0380,0.1010,0.129
1.988499,0.0730,0.0090,0.0500,0.089
1.990378,0.0680,-0.0160,0.0260,0.075
1.993497,0.1010,-0.0090,0.0180,0.103
1.995417,0.0910,-0.0160,-0.0220,0.095
1.998444,0.1080,0.0230,-0.0310,0.115
2.000548,0.1170,-0.0040,-0.0050,0.117
2.003428,0.1240,0.0020,-0.0200,0.126
2.005929,0.1070,-0.0230,0.0170,0.111
2.008509,0.1010,-0.0070,0.0050,0.101
2.010671,0.1080,-0.0090,0.0340,0.114
2.013097,0.1010,-0.0140,0.0020,0.102
2.016503,0.0670,-0.0090,0.0280,0.073
2.018617,0.0670,-0.0210,0.0330,0.078
2.020548,0.0570,-0.0520,0.0400,0.087
2.023482,0.0230,0.0260,0.0440,0.056
2.025710,0.0470,-0.0130,0.0420,0.064
2.028854,0.0420,0.0120,0.0390,0.059
2.030843,0.0660,0.0170,0.0500,0.085
2.033714,0.1010,-0.0200,0.1000,0.144
2.035890,0.0890,0.0150,0.0750,0.117
2.038858,0.1180,0.0220,0.0750,0.142
2.040721,0.0930,-0.0030,0.0810,0.123
2.043533,0.0880,-0.0060,0.0810,0.120
2.045742,0.1430,0.0050,0.0540,0.153
2.051205,0.1310,0.0200,0.0730,0.151
2.052013,0.1090,-0.0030,0.0550,0.122
2.053178,0.1280,-0.0080,0.0670,0.145
2.055988,0.1180,-0.0050,0.0140,0.119
2.059038,0.1300,0.0010,0.0230,0.132
2.060757,0.1100,0.0350,0.0210,0.117
2.063415,0.1030,0.0010,0.0130,0.104
2.065957,0.0930,-0.0050,0.0300,0.098
2.069065,0.1170,0.0270,0.0460,0.129
2.073820,0.0930,0.0060,0.0650,0.114
2.074506,0.0800,-0.0190,0.0410,0.092
2.076239,0.0850,-0.0270,0.0670,0.112
2.079057,0.0590,-0.0240,0.0330,0.072
2.081093,0.0900,-0.0290,0.0330,0.100
2.084555,0.1250,-0.0220,0.0090,0.127
2.085814,0.1300,-0.0120,0.0190,0.132
2.089125,0.1270,-0.0170,-0.0160,0.129
2.091067,0.1100,-0.0100,-0.0160,0.112
2.093713,0.1360,-0.0020,-0.0470,0.144
2.096166,0.1070,-0.0120,-0.0280,0.111
2.099059,0.1210,-0.0170,-0.0660,0.139
2.101041,0.1160,-0.0360,-0.0780,0.144
2.103671,0.1380,-0.0140,-0.0900,0.165
2.106189,0.1330,-0.0170,-0.0690,0.151
2.109946,0.1230,-0.0100,-0.0900,0.153
2.111225,0.1280,-0.0050,-0.1000,0.163
2.113498,0.1020,-0.0100,-0.0720,0.125
2.116161,0.1190,0.0110,-0.0550,0.132
2.119220,0.1210,-0.0290,-0.0410,0.131
2.120790,0.1190,-0.0210,-0.0520,0.132
2.123716,0.1360,-0.0330,-0.0420,0.146
2.127018,0.1260,-0.0450,-0.0210,0.135
2.129294,0.1310,-0.0090,-0.0240,0.133
2.131221,0.1410,-0.0280,0.0080,0.144
2.133479,0.1370,-0.0590,0.0170,0.150
2.135996,0.1540,-0.0380,0.0520,0.167
2.139478,0.1440,-0.0400,0.0420,0.155
2.141244,0.1420,-0.0260,0.0740,0.162
2.143596,0.1330,-0.0330,0.1050,0.173
2.146321,0.1030,-0.0160,0.0900,0.138
2.149723,0.1390,-0.0300,0.0990,0.173
2.151417,0.1470,-0.0300,0.0880,0.174
2.153873,0.1330,-0.0230,0.0780,0.156
2.156239,0.1090,-0.0040,0.0560,0.123
2.160393,0.1080,0.0310,0.0300,0.116
2.161419,0.1200,0.0170,0.0340,0.126
2.164167,0.1540,0.0020,0.0290,0.157
2.166430,0.1600,0.0070,0.0530,0.169
2.169177,0.1770,0.0140,0.0450,0.183
2.173956,0.2280,0.0410,0.1520,0.277
2.174889,0.2260,0.0310,0.1280,0.262
2.176380,0.2320,0.0530,0.1610,0.287
2.179392,0.2560,0.0310,0.1820,0.316
2.182427,0.3000,0.0450,0.2180,0.374
2.183880,0.3180,0.0570,0.2240,0.393
2.186365,0.3430,0.0530,0.2360,0.420
2.189924,0.3530,0.0570,0.2500,0.436
2.191387,0.3970,0.0670,0.2980,0.501
2.194154,0.3990,0.0790,0.2980,0.504
2.196491,0.3950,0.0640,0.3170,0.510
2.200061,0.3960,0.0550,0.3220,0.513
2.201190,0.3880,0.0620,0.3480,0.525
2.204851,0.4110,0.0930,0.3560,0.552
2.206621,0.4110,0.1140,0.4140,0.594
2.209541,0.4370,0.0900,0.3790,0.585
2.212056,0.4310,0.1260,0.3850,0.591
2.214398,0.4450,0.1350,0.3410,0.577
2.216893,0.4430,0.1180,0.3160,0.557
2.219818,0.4160,0.1650,0.2820,0.529
2.221493,0.4090,0.1940,0.2600,0.522
2.224247,0.4000,0.1570,0.2430,0.494
2.226985,0.4030,0.1380,0.2360,0.487
2.229765,0.4150,0.1610,0.2030,0.489
2.231484,0.4330,0.1940,0.1360,0.494
2.234152,0.4640,0.1820,0.1610,0.524
2.238108,0.4750,0.2000,0.1400,0.534
2.239699,0.4780,0.2430,0.1090,0.547
2.241486,-0.2350,0.7160,0.0510,0.755
2.244154,-0.1800,0.5550,-0.1150,0.595
2.246971,0.2210,0.2960,-0.1650,0.405
2.249530,0.5890,0.1650,-0.0430,0.613
2.251811,0.9750,0.1360,0.0980,0.989
2.253974,1.3260,0.2370,0.1780,1.359
2.257302,1.5680,0.3520,0.1110,1.611
2.262801,1.8230,0.4450,0.0340,1.877
2.265013,1.9030,0.5940,0.0760,1.995
2.265744,1.8970,0.6470,0.0440,2.005
2.266780,1.9150,0.4820,0.0060,1.975
2.269486,1.8210,0.3340,-0.0230,1.852
2.271691,1.7470,0.3270,-0.0900,1.780
2.274167,1.6180,0.2030,-0.1490,1.637
2.276600,1.5610,0.0670,-0.2210,1.578
2.279824,1.4900,-0.0390,-0.2810,1.517
2.282491,1.3100,0.2640,-0.2650,1.362
2.284477,1.0680,0.6770,-0.2460,1.288
2.286837,1.0480,0.6550,-0.2180,1.255
2.289469,1.1090,0.5100,-0.2240,1.241
2.291816,1.1540,0.3930,-0.2470,1.244
2.294580,1.1790,0.2520,-0.2290,1.227
2.296905,1.1480,0.3630,-0.2380,1.227
2.299361,1.1590,0.4520,-0.2050,1.261
2.301795,1.0950,0.5870,-0.1590,1.253
2.304910,1.0720,0.6640,-0.1450,1.269
2.307002,1.0990,0.6990,-0.0860,1.305
2.309327,1.0730,0.7090,-0.0790,1.289
2.311825,1.0920,0.7030,0.0080,1.299
2.315907,1.1160,0.6700,0.0830,1.304
2.317105,1.1330,0.6350,0.1230,1.305
2.319490,1.1430,0.6360,0.2240,1.327
2.322013,1.1670,0.5650,0.1560,1.306
2.324331,1.2220,0.5560,0.1430,1.350
2.327199,1.3010,0.5480,0.2040,1.426
2.329931,1.3680,0.5750,0.2860,1.511
2.331809,1.4110,0.5710,0.3570,1.563
2.334823,1.4470,0.5860,0.3630,1.603
2.337756,1.5200,0.5830,0.3590,1.667
2.339546,1.5060,0.5950,0.3800,1.663
2.342003,1.5250,0.6040,0.4000,1.688
2.346116,1.5430,0.5970,0.4090,1.704
2.347186,1.5460,0.6270,0.3820,1.711
2.352171,1.5540,0.6040,0.3810,1.710
2.352861,1.5550,0.5760,0.3660,1.698
2.358260,1.5680,0.5120,0.3230,1.681
2.358733,1.5690,0.4500,0.2670,1.654
2.360351,1.6660,0.4270,0.2930,1.745
2.361992,1.6900,0.4060,0.2830,1.761
2.365044,1.7530,0.4340,0.3230,1.835
2.367078,1.7750,0.3990,0.3320,1.849
2.369465,1.7880,0.4110,0.3440,1.867
2.372772,1.7750,0.3910,0.3240,1.846
2.374509,1.6850,0.3630,0.3020,1.750
2.377047,1.5440,0.3420,0.2160,1.596
2.379537,1.2190,0.1770,0.1710,1.244
2.382053,0.9320,0.0320,0.0780,0.936
2.384558,0.9550,-0.1700,-0.0780,0.973
2.387051,1.0200,-0.2910,-0.1040,1.066
2.389525,1.0860,-0.4020,-0.0270,1.158
2.392931,1.2140,-0.4200,0.0170,1.285
2.394695,1.4040,-0.3710,0.1030,1.456
2.398104,1.5800,-0.2840,0.1710,1.614
2.400473,1.7240,-0.1700,0.2040,1.744
2.402019,1.8190,-0.0440,0.1820,1.829
2.404813,1.8700,0.0900,0.1360,1.877
2.407507,1.9260,0.1770,0.0840,1.936
2.409961,1.9210,0.2380,-0.0150,1.936
2.412872,1.8980,0.2820,-0.0690,1.920
2.416128,1.8310,0.1470,-0.1160,1.841
2.417751,1.7990,0.0140,-0.2250,1.813
2.419950,1.8340,0.0580,-0.2120,1.847
2.422243,1.7900,0.0300,-0.1920,1.801
2.424916,1.7490,-0.0350,-0.1920,1.760
2.427604,1.5720,-0.0960,-0.2200,1.590
2.430417,1.4130,-0.0760,-0.0400,1.416
2.432391,1.3330,-0.0320,0.2000,1.348
2.435314,1.2620,0.0060,0.4240,1.331
2.438042,1.1610,0.0460,0.5840,1.300
2.440424,1.1320,0.0540,0.7100,1.337
2.442550,1.2010,0.0530,0.7670,1.426
2.445633,1.1780,0.0610,0.7580,1.402
2.447435,1.2390,0.0300,0.7480,1.448
2.450185,1.3310,0.0190,0.6780,1.494
2.452651,1.3930,-0.0100,0.5420,1.495
2.454986,1.4650,-0.0290,0.3480,1.506
2.457786,1.5140,-0.0620,0.2280,1.532
2.460126,1.6570,-0.0350,0.1480,1.664
2.462800,1.7610,-0.0450,0.0170,1.762
2.465084,1.7990,-0.0080,-0.0900,1.801
2.467827,1.7840,-0.0150,-0.1100,1.787
2.471163,1.7500,0.0240,-0.0990,1.753
2.473170,1.7680,0.0560,-0.0440,1.769
2.475079,1.7900,0.0750,0.0000,1.792
2.478661,1.7920,0.1090,-0.0070,1.795
2.480022,1.8650,0.1420,-0.0440,1.871
2.484774,1.9150,0.0890,-0.1300,1.921
2.485615,1.8380,0.0940,-0.2490,1.857
2.488289,1.8550,0.0500,-0.2730,1.876
2.490564,1.8080,0.0360,-0.3780,1.847
2.494899,1.6710,-0.0450,-0.4580,1.733
2.495607,1.5520,-0.0790,-0.5030,1.633
2.498879,1.5500,-0.0730,-0.5640,1.651
2.500312,1.4120,-0.1040,-0.7020,1.580
2.502606,1.3380,-0.0640,-0.7630,1.542
2.505234,1.3470,-0.0820,-0.8080,1.573
2.508207,1.2920,-0.0870,-0.8980,1.576
2.510198,1.2100,-0.1450,-0.9550,1.548
2.512920,1.1960,-0.1960,-0.9620,1.547
2.516211,1.2040,-0.1850,-0.9410,1.539
2.518411,1.2700,-0.1710,-0.9560,1.599
2.520171,1.3040,-0.2260,-0.9290,1.617
2.523046,1.2810,-0.2700,-0.9150,1.597
2.526364,1.2420,-0.3440,-0.8990,1.571
2.528359,1.1800,-0.4070,-0.8810,1.528
2.530297,1.0720,-0.4590,-0.8910,1.468
2.532821,0.9990,-0.4980,-0.9200,1.447
2.535638,1.0050,-0.4710,-0.8550,1.401
2.538441,1.1050,-0.4260,-0.8310,1.447
2.540293,1.2080,-0.3300,-0.7840,1.477
2.542811,1.2360,-0.2960,-0.7950,1.499
2.545119,1.2360,-0.2570,-0.8070,1.498
2.548868,1.3010,-0.2300,-0.7810,1.535
2.550930,1.3000,-0.2250,-0.7290,1.507
2.553655,1.3140,-0.2190,-0.5580,1.444
2.555289,1.2830,-0.2900,-0.4320,1.384
2.560351,1.2240,-0.3110,-0.3320,1.306
2.562258,1.1700,-0.4010,-0.2310,1.258
2.562843,1.0600,-0.4630,-0.1590,1.168
2.565342,0.8960,-0.5170,-0.1370,1.043
2.568773,0.7620,-0.6090,-0.0960,0.980
2.571233,0.6420,-0.6490,-0.0270,0.913
2.573368,0.4810,-0.6960,-0.0180,0.846
2.575685,0.4110,-0.6710,0.0730,0.790
2.578719,0.2770,-0.6960,0.1030,0.756
2.580429,0.1960,-0.6760,0.1100,0.712
2.584955,0.1220,-0.6850,0.1780,0.718
2.586053,0.0370,-0.7430,0.2320,0.779
2.588900,-0.0400,-0.7800,0.2710,0.827
2.590720,-0.1280,-0.8460,0.3040,0.908
2.593447,-0.1920,-0.8760,0.3310,0.956
2.595945,-0.2060,-0.9750,0.3320,1.050
2.598759,-0.2580,-1.0410,0.3480,1.128
2.600526,-0.2820,-1.1060,0.3300,1.188
2.604708,-0.2590,-1.1380,0.3380,1.215
2.606053,-0.3010,-1.1530,0.2490,1.217
2.608925,-0.3370,-1.1830,0.2390,1.253
2.610551,-0.3830,-1.1720,0.2030,1.250
2.613128,-0.4600,-1.1370,0.1860,1.241
2.615700,-0.5330,-1.1090,0.1200,1.236
2.618743,-0.6300,-1.0590,0.1020,1.236
2.620881,-0.6900,-1.0000,0.0630,1.217
2.623147,-0.7380,-0.9610,0.0600,1.213
2.626860,-0.7500,-0.8850,0.0910,1.164
2.629134,-0.7540,-0.7780,0.1580,1.095
2.630572,-0.7530,-0.6980,0.1520,1.038
2.633107,-0.7050,-0.6700,0.1960,0.992
2.635848,-0.7090,-0.6190,0.1900,0.960
2.638971,-0.6140,-0.5600,0.1580,0.846
2.640744,-0.5590,-0.5370,0.1560,0.791
2.643377,-0.4810,-0.4670,0.1040,0.678
2.646035,-0.4320,-0.4010,0.0790,0.595
2.649055,-0.4160,-0.3690,0.0130,0.556
2.650907,-0.3980,-0.3270,-0.0320,0.516
2.653231,-0.3710,-0.3080,-0.1130,0.495
2.656548,-0.3300,-0.2710,-0.1750,0.461
2.659816,-0.3190,-0.2130,-0.2370,0.451
2.660928,-0.2920,-0.1520,-0.2540,0.416
2.663429,-0.2550,-0.1220,-0.2590,0.383
2.665837,-0.2210,-0.1580,-0.3040,0.408
2.669090,-0.2150,-0.1020,-0.2830,0.370
2.671232,-0.1980,-0.0810,-0.2320,0.316
2.673724,-0.1700,-0.0830,-0.2230,0.292
2.675897,-0.2050,-0.0650,-0.1980,0.292
2.679381,-0.1700,-0.0660,-0.1840,0.259
2.684480,-0.1800,-0.0290,-0.1070,0.211
2.685269,-0.1440,-0.0270,0.0250,0.149
2.686175,-0.1460,0.0260,0.0960,0.177
2.689101,-0.1290,0.0520,0.2120,0.254
2.690947,-0.1450,0.0650,0.2780,0.320
2.694618,-0.2490,0.1390,0.2790,0.399
2.696146,-0.3450,0.1600,0.3770,0.535
2.699125,-0.4560,0.2190,0.4550,0.680
2.701352,-0.5630,0.2400,0.5150,0.800
2.704281,-0.6680,0.3160,0.5590,0.927
2.706123,-0.7600,0.3640,0.6720,1.078
2.709238,-0.8480,0.3940,0.7330,1.188
2.711342,-0.8790,0.4100,0.8390,1.282
2.713549,-0.9270,0.4410,0.8890,1.358
2.717078,-0.9780,0.3870,0.8980,1.383
2.719470,-1.0300,0.3580,0.9290,1.433
2.721183,-1.0410,0.3110,0.8400,1.373
2.723684,-1.0910,0.2500,0.7990,1.375
2.726180,-1.1640,0.1500,0.7580,1.397
2.729190,-1.1540,0.0800,0.7230,1.364
2.731209,-1.1800,-0.0190,0.6680,1.356
2.733856,-1.1690,-0.1390,0.6510,1.345
2.737408,-1.2470,-0.2320,0.5560,1.385
2.739536,-1.2190,-0.3320,0.4810,1.352
2.741386,-1.2100,-0.3610,0.4590,1.344
2.744530,-1.2100,-0.4280,0.3210,1.323
2.746222,-1.1650,-0.4810,0.2810,1.291
2.749309,-1.1380,-0.4910,0.2180,1.258
2.751342,-1.0930,-0.4810,0.1720,1.206
2.753909,-1.0630,-0.4580,0.1140,1.163
2.756399,-1.0500,-0.4200,0.0700,1.133
2.759774,-0.9980,-0.3770,0.0550,1.068
2.761645,-0.9740,-0.3440,0.0000,1.033
2.764061,-0.9730,-0.3130,-0.0050,1.022
2.766477,-0.9720,-0.2730,-0.0630,1.012
2.769806,-0.9600,-0.2160,-0.0490,0.985
2.771739,-0.9680,-0.2020,-0.1010,0.994
2.774202,-0.9610,-0.2330,-0.1090,0.995
2.776270,-0.8830,-0.1760,-0.0850,0.904
2.779794,-0.8800,-0.1350,-0.1250,0.899
2.784473,-0.7970,-0.0880,-0.1490,0.816
2.786085,-0.7600,0.0050,-0.1400,0.773
2.786828,-0.6480,0.0310,-0.2120,0.683
2.789546,-0.5980,0.0910,-0.2880,0.670
2.794376,-0.5400,0.1440,-0.3540,0.662
2.795200,-0.4930,0.2170,-0.3870,0.663
2.796597,-0.4740,0.2530,-0.4420,0.696
2.799498,-0.4870,0.2780,-0.4780,0.737
2.801971,-0.5780,0.3380,-0.4840,0.826
2.804454,-0.6560,0.3630,-0.5090,0.906
2.806585,-0.6710,0.3330,-0.4790,0.889
2.809462,-0.7800,0.3430,-0.4530,0.965
2.811556,-0.8710,0.2820,-0.3850,0.993
2.816028,-0.9460,0.2430,-0.3020,1.022
2.817199,-1.0240,0.2030,-0.2330,1.070
2.819796,-1.0670,0.1280,-0.1160,1.081
2.821668,-1.1650,0.0210,-0.0420,1.166
2.823981,-1.2010,-0.1180,0.0360,1.207
2.826856,-1.2340,-0.2390,0.1010,1.261
2.829412,-1.2380,-0.3550,0.1850,1.301
2.831827,-1.2530,-0.4790,0.2100,1.358
2.834125,-1.2820,-0.5950,0.2290,1.432
2.837514,-1.2960,-0.6640,0.1880,1.468
2.840268,-1.3320,-0.6930,0.1510,1.509
2.841747,-1.3980,-0.7070,0.0620,1.568
2.844002,-1.4610,-0.6950,-0.0300,1.618
2.847141,-1.5390,-0.6710,-0.1520,1.686
2.849509,-1.6070,-0.6410,-0.2820,1.753
2.851698,-1.6540,-0.5840,-0.3840,1.796
2.854196,-1.6920,-0.5490,-0.4880,1.845
2.856731,-1.6840,-0.4780,-0.5360,1.831
2.859970,-1.7110,-0.4140,-0.6580,1.879
2.862010,-1.6320,-0.3630,-0.7470,1.831
2.864270,-1.5840,-0.3540,-0.7460,1.786
2.873255,-1.6070,-0.3150,-0.7030,1.782
2.874849,-1.5600,-0.3250,-0.6880,1.736
2.875368,-1.5150,-0.3480,-0.7400,1.722
2.876150,-1.5570,-0.3660,-0.7760,1.778
2.877395,-1.5580,-0.3600,-0.8090,1.792
2.879894,-1.6020,-0.3470,-0.8680,1.855
2.883248,-1.5850,-0.3620,-0.8960,1.856
2.884444,-1.6270,-0.3640,-0.8950,1.892
2.886966,-1.6280,-0.3410,-0.9440,1.913
2.889434,-1.6350,-0.3400,-0.9170,1.905
2.892534,-1.6080,-0.3290,-0.9520,1.897
2.894453,-1.5630,-0.2800,-0.8610,1.806
2.896864,-1.5300,-0.2470,-0.8240,1.755
2.899978,-1.4860,-0.2390,-0.7740,1.692
2.902069,-1.4220,-0.2210,-0.7410,1.619
2.904697,-1.3670,-0.1930,-0.7250,1.559
2.907108,-1.3450,-0.1990,-0.6880,1.524
2.909877,-1.3450,-0.1970,-0.6930,1.526
2.911934,-1.3620,-0.2000,-0.6710,1.531
2.915480,-1.3580,-0.2150,-0.6190,1.508
2.917236,-1.3710,-0.2260,-0.5610,1.498
2.919672,-1.4360,-0.2690,-0.4910,1.541
2.922299,-1.5280,-0.2940,-0.3590,1.597
2.924723,-1.6150,-0.3520,-0.2870,1.678
2.927291,-1.6780,-0.3620,-0.2230,1.731
2.929702,-1.7750,-0.3750,-0.1720,1.822
2.932848,-1.8000,-0.4230,-0.1430,1.855
2.935014,-1.8510,-0.4020,-0.0900,1.896
2.938273,-1.8880,-0.4290,-0.0780,1.938
2.940706,-1.8900,-0.4300,-0.0250,1.938
2.942372,-1.9130,-0.4450,-0.0220,1.964
2.944897,-1.8860,-0.4340,0.0160,1.935
2.947274,-1.8380,-0.4700,0.0840,1.899
2.949996,-1.8170,-0.4520,0.0990,1.875
2.952222,-1.7880,-0.4600,0.0430,1.847
2.954686,-1.7910,-0.4940,0.0730,1.859
2.957068,-1.8010,-0.4670,0.0840,1.862
2.960330,-1.7970,-0.4720,0.1290,1.862
2.962833,-1.7840,-0.4540,0.2050,1.852
2.964811,-1.7090,-0.4570,0.2640,1.789
2.967084,-1.7000,-0.3930,0.3110,1.772
2.971326,-1.6470,-0.3420,0.2940,1.708
2.972950,-1.6010,-0.3160,0.2430,1.650
2.975093,-1.5810,-0.3010,0.2080,1.623
2.977143,-1.5730,-0.2590,0.1940,1.606
2.980032,-1.5670,-0.2930,0.1680,1.603
2.984971,-1.5290,-0.2750,0.1680,1.563
2.986107,-1.4800,-0.2690,0.1230,1.509
2.987573,-1.3980,-0.2850,0.0760,1.429
2.991216,-1.3410,-0.3050,0.0110,1.375
2.993858,-1.2570,-0.3700,-0.0430,1.311
2.995500,-1.2510,-0.4070,-0.1500,1.324
2.997634,-1.1870,-0.4390,-0.1800,1.278
3.000001,-1.1350,-0.4830,-0.1980,1.249
3.002534,-1.1360,-0.5170,-0.1680,1.259
3.005306,-1.1640,-0.5350,-0.1610,1.291
3.007364,-1.2350,-0.6020,-0.0940,1.377
3.009895,-1.3000,-0.6020,-0.0050,1.433
3.012721,-1.3920,-0.6380,0.1220,1.536
3.014907,-1.4130,-0.6330,0.2030,1.562
3.017484,-1.4190,-0.6040,0.2420,1.561
3.019915,-1.4830,-0.5850,0.1940,1.606
3.022793,-1.5740,-0.5710,0.1940,1.686
3.026125,-1.6760,-0.5630,0.2660,1.788
3.028910,-1.6300,-0.5300,0.3640,1.752
3.030386,-1.6020,-0.4650,0.4430,1.726
3.032354,-1.5400,-0.4510,0.4600,1.669
3.035323,-1.4640,-0.4270,0.4220,1.582
3.039045,-1.4060,-0.3400,0.3620,1.491
3.040320,-1.2900,-0.2970,0.2720,1.351
3.042655,-1.1960,-0.2880,0.2040,1.247
3.045448,-1.1770,-0.2130,0.1550,1.206
3.048289,-1.1450,-0.2300,0.1030,1.172
3.050340,-1.0780,-0.2110,0.0800,1.101
3.052685,-1.0390,-0.2080,0.1020,1.065
3.055509,-1.0010,-0.2510,0.1190,1.039
3.059595,-1.0290,-0.2650,0.1410,1.072
3.060968,-0.9620,-0.2580,0.1960,1.015
3.062854,-0.8750,-0.2480,0.1400,0.920
3.065802,-0.7720,-0.2210,0.0970,0.809
3.068474,-0.7270,-0.2230,0.0110,0.761
3.071010,-0.7050,-0.2200,-0.0190,0.739
3.073346,-0.6520,-0.1890,0.0080,0.679
3.075703,-0.6420,-0.2240,-0.0080,0.680
3.078499,-0.6100,-0.2330,-0.0090,0.653
3.084483,-0.5830,-0.2280,-0.0140,0.626
3.085454,-0.5850,-0.2850,-0.0250,0.651
3.085906,-0.4970,-0.3060,-0.1310,0.598
3.088770,-0.4220,-0.2690,-0.2510,0.560
3.090464,-0.3470,-0.2860,-0.3500,0.570
3.094236,-0.3070,-0.2370,-0.4800,0.617
3.095378,-0.2870,-0.2340,-0.4790,0.605
3.098878,-0.2920,-0.1570,-0.5180,0.615
3.100247,-0.2610,-0.1320,-0.4890,0.570
3.103624,-0.2310,-0.0740,-0.4510,0.512
3.105335,-0.2110,-0.0150,-0.4000,0.452
3.108412,-0.2290,0.0950,-0.3690,0.445
3.110364,-0.1280,0.1220,-0.3150,0.361
3.112875,-0.0370,0.2020,-0.2390,0.315
3.115697,0.0700,0.2530,-0.2770,0.382
3.118583,0.1210,0.3040,-0.2490,0.411
3.120439,0.1670,0.3650,-0.1920,0.445
3.123419,0.1810,0.4000,-0.2160,0.489
3.126420,0.1890,0.3860,-0.1140,0.445
3.128739,0.1100,0.3730,-0.0700,0.395
3.130663,0.0950,0.3420,-0.0140,0.355
3.133558,0.0280,0.2980,0.0630,0.306
3.135782,-0.0770,0.2290,0.0750,0.253
3.138802,-0.1240,0.1630,0.1120,0.233
3.140612,-0.2070,0.0780,0.1220,0.253
3.142967,-0.2530,0.0550,0.1890,0.321
3.145439,-0.2730,0.0150,0.2010,0.339
3.148909,-0.2760,-0.0500,0.2130,0.352
3.150997,-0.2870,-0.0680,0.1910,0.351
3.153474,-0.3230,-0.1170,0.1620,0.380
3.155515,-0.3040,-0.1210,0.1300,0.352
3.159878,-0.2910,-0.1120,0.1200,0.334
3.161784,-0.2740,-0.1280,0.1030,0.319
3.163463,-0.2770,-0.1120,0.0710,0.307
3.165706,-0.2630,-0.0610,0.0450,0.274
3.168679,-0.2560,-0.0290,0.0630,0.265
3.170789,-0.2300,0.0100,0.0940,0.249
3.173281,-0.2230,0.0490,0.0930,0.247
3.175480,-0.1820,0.0890,0.1230,0.237
3.179203,-0.1790,0.1570,0.1320,0.272
3.190037,-0.1400,0.1680,0.1280,0.253
3.191522,-0.0850,0.2580,0.1250,0.299
3.192476,-0.0600,0.2760,0.1500,0.320
3.193119,-0.0070,0.2770,0.1610,0.320
3.193812,0.0280,0.3000,0.1920,0.357
3.194455,0.0980,0.2960,0.1910,0.366
3.200088,0.1300,0.3210,0.2160,0.408
3.201047,0.1460,0.3390,0.2470,0.444
3.201601,0.1590,0.3570,0.2940,0.489
3.204247,0.1840,0.4110,0.2660,0.523
3.205872,0.1720,0.3950,0.2660,0.506
3.209125,0.1740,0.3950,0.2760,0.512
3.211015,0.1840,0.4220,0.2750,0.536
3.215272,0.1410,0.4230,0.2650,0.519
3.216066,0.1350,0.4230,0.2960,0.534
3.219056,0.0930,0.4290,0.2740,0.517
3.221125,0.0560,0.3640,0.2650,0.454
3.223438,0.0220,0.3720,0.2050,0.425
3.226272,-0.0240,0.3210,0.1460,0.353
3.229069,-0.0460,0.3050,0.1270,0.334
3.230845,-0.0630,0.2790,0.0470,0.290
3.233239,-0.0760,0.2810,0.0060,0.291
3.237006,-0.0640,0.2380,0.0160,0.247
3.239382,-0.0840,0.2150,-0.0070,0.231
3.241704,-0.0780,0.2150,0.0470,0.233
3.243451,-0.0330,0.1940,0.0440,0.202
3.246072,-0.0560,0.1950,0.0410,0.207
3.249144,-0.0380,0.2020,0.0930,0.226
3.251001,-0.0110,0.1410,0.0760,0.161
3.253287,-0.0110,0.1370,0.0600,0.150
3.256264,0.0030,0.1590,0.0380,0.164
3.259301,0.0040,0.1640,0.0490,0.171
3.261515,0.0040,0.1330,0.0410,0.139
3.263421,-0.0180,0.1600,0.0460,0.167
3.266145,-0.0040,0.1940,0.0520,0.201
3.270253,-0.0200,0.1900,0.0330,0.194
3.271309,-0.0250,0.1590,-0.0020,0.161
3.273698,-0.0150,0.1430,-0.0480,0.152
3.276366,-0.0220,0.1440,-0.0600,0.158
3.279506,-0.0170,0.1800,-0.1070,0.210
3.283973,-0.0140,0.1490,-0.1650,0.223
3.287836,-0.0110,0.1370,-0.1880,0.233
3.288387,-0.0350,0.1260,-0.1670,0.212
3.289350,-0.0100,0.1210,-0.1420,0.187
3.291333,-0.0340,0.1170,-0.1020,0.159
3.293929,-0.0170,0.0790,-0.0320,0.087
3.296155,-0.0020,0.1080,0.0020,0.108
3.299176,-0.0090,0.1280,0.0170,0.129
3.301429,-0.0370,0.1000,0.0580,0.121
3.304514,-0.0270,0.1500,0.0890,0.176
3.306139,-0.0500,0.1220,0.1300,0.185
3.309243,-0.0550,0.1410,0.0910,0.177
3.311554,-0.0540,0.1630,0.1060,0.202
3.314951,-0.0440,0.1420,0.1390,0.204
3.316672,-0.0320,0.1700,0.1090,0.204
3.319865,-0.0490,0.1320,0.0780,0.161
3.321413,-0.0350,0.1270,0.0660,0.147
3.323985,-0.0400,0.1080,0.0040,0.115
3.326725,0.0260,0.1240,-0.0400,0.133
3.329628,0.0150,0.1070,-0.0510,0.119
3.331278,0.0480,0.0970,-0.0850,0.138
3.333890,0.0590,0.0850,-0.1270,0.164
3.337843,0.0650,0.0890,-0.1880,0.218
3.340897,0.0950,0.0740,-0.2670,0.293
3.341812,0.1010,0.0720,-0.3250,0.348
3.343805,0.1000,0.0540,-0.3780,0.395
3.346364,0.1030,0.0490,-0.4140,0.429
3.350065,0.0880,0.0100,-0.4450,0.454
3.351401,0.1630,0.0380,-0.4750,0.504
3.354233,0.1540,0.0190,-0.5610,0.582
3.357011,0.1620,0.0610,-0.5230,0.551
3.359711,0.1890,0.0660,-0.5280,0.565
3.361635,0.1730,0.0800,-0.4840,0.520
3.364210,0.1920,0.0700,-0.4870,0.528
3.366418,0.1910,0.0880,-0.4950,0.538
3.373259,0.2150,0.1050,-0.4650,0.523
3.374096,0.2440,0.1050,-0.3990,0.479
3.374394,0.2380,0.1500,-0.3530,0.451
3.377218,0.2430,0.1910,-0.3090,0.437
3.379619,0.2080,0.1900,-0.2450,0.373
3.383470,0.2370,0.1930,-0.2230,0.378
3.384405,0.2810,0.2100,-0.1780,0.393
3.387072,0.2670,0.2170,-0.1400,0.371
3.389627,0.2660,0.2290,-0.0830,0.361
3.392413,0.3050,0.2220,-0.0430,0.380
3.394354,0.3220,0.1690,0.0100,0.364
3.397142,0.3230,0.1380,-0.0210,0.352
3.400117,0.3480,0.1580,0.0420,0.384
3.402087,0.3370,0.1750,0.0370,0.382
3.404506,0.2310,0.8280,-0.1470,0.872
3.407049,0.1700,1.1780,-0.3680,1.246
3.409805,0.1860,0.7070,-0.1930,0.756
3.412352,0.1960,0.2810,-0.0210,0.343
3.414720,0.1880,-0.0310,0.0640,0.201
3.417132,0.2240,-0.1120,0.0730,0.261
3.419566,0.2350,-0.1280,0.1330,0.299
3.422230,0.2910,-0.1820,0.2140,0.404
3.424577,0.3180,-0.2730,0.3570,0.551
3.427263,0.3190,-0.2940,0.4220,0.605
3.429817,0.2990,-0.2100,0.4390,0.571
3.432080,0.2260,-0.0110,0.3100,0.384
3.434758,0.2070,0.2040,0.1300,0.318
3.437247,0.1390,0.2900,0.0270,0.323
3.439491,0.0860,0.2330,-0.0070,0.248
3.442661,0.0710,0.1400,-0.0030,0.157
3.444292,0.0440,0.0320,0.0720,0.090
3.447798,0.0410,0.0180,0.1130,0.122
3.449883,0.0860,0.0010,0.1630,0.184
3.452350,0.1150,0.0340,0.2680,0.294
3.454860,0.1670,0.0820,0.2400,0.304
3.457067,0.1500,0.1110,0.1850,0.263
3.459822,0.1260,0.1270,0.1860,0.258
3.462369,0.1280,0.1030,0.1410,0.217
3.464474,0.1100,0.0450,0.1170,0.167
3.467546,0.0910,0.0120,0.1080,0.142
3.472419,0.0780,-0.0120,0.1000,0.127
3.473109,0.0680,-0.0360,0.1200,0.143
3.478351,0.0250,-0.0070,0.1280,0.131
3.478972,0.0240,0.0030,0.1150,0.118
3.480745,0.0140,-0.0460,0.0990,0.110
3.483093,0.0610,-0.0270,0.0600,0.090
3.484602,0.0910,-0.0230,-0.0100,0.094
3.487557,0.0920,-0.0350,-0.1180,0.154
3.489467,0.0770,-0.0690,-0.1720,0.201
3.492123,0.0760,-0.0740,-0.2450,0.267
3.494627,0.0600,-0.0870,-0.2460,0.268
3.496993,0.0560,-0.0680,-0.2540,0.269
3.499849,0.0430,-0.0710,-0.2340,0.248
3.503714,0.0100,-0.0490,-0.1980,0.204
3.504729,0.0210,-0.0570,-0.1830,0.193
3.507226,-0.0060,-0.0730,-0.1490,0.166
3.509763,-0.0050,-0.0780,-0.1560,0.174
3.512194,0.0090,-0.0880,-0.1800,0.201
3.514926,-0.0250,-0.1020,-0.1710,0.201
3.518646,-0.0270,-0.0950,-0.1640,0.191
3.520046,-0.0340,-0.0950,-0.1400,0.173
3.522414,-0.0260,-0.0800,-0.1710,0.191
3.525870,-0.0470,-0.1140,-0.1450,0.190
3.527488,-0.0330,-0.1040,-0.1000,0.148
3.529788,-0.0470,-0.1040,-0.0810,0.140
3.532148,-0.0710,-0.1180,-0.0720,0.155
3.535094,-0.0850,-0.0850,-0.0390,0.126
3.537271,-0.0590,-0.0940,-0.0700,0.131
3.539958,-0.0570,-0.1160,-0.0750,0.149
3.542522,-0.0280,-0.1230,-0.0390,0.132
3.545133,-0.0290,-0.1110,-0.0420,0.122
3.547932,-0.0200,-0.1180,-0.0680,0.138
3.550089,0.0090,-0.1040,-0.0800,0.132
3.552656,0.0280,-0.0610,-0.0790,0.104
3.555100,0.0460,-0.0900,-0.0520,0.114
3.557498,0.0660,-0.0540,-0.0520,0.100
3.560053,0.1340,-0.0440,-0.0180,0.142
3.562963,0.1610,-0.0610,-0.0340,0.175
3.565174,0.1930,-0.0130,-0.0320,0.196
3.567359,0.2300,-0.0230,0.0300,0.233
3.570014,0.2360,-0.0180,0.0000,0.237
3.572472,0.2720,-0.0060,0.0240,0.273
3.575422,0.2950,-0.0040,-0.0030,0.295
3.577494,0.2840,-0.0450,-0.0690,0.296
3.583833,0.2800,-0.0070,-0.1210,0.305
3.584552,0.2660,-0.0480,-0.1720,0.320
3.584951,0.2600,-0.0460,-0.2330,0.352
3.587747,0.2270,-0.0410,-0.2700,0.355
3.590165,0.2190,-0.0820,-0.3340,0.408
3.594272,0.2190,-0.0700,-0.3680,0.434
3.595075,0.1750,-0.0830,-0.4050,0.449
3.597545,0.1830,-0.1040,-0.4230,0.472
3.599924,0.1860,-0.1260,-0.4690,0.520
3.603546,0.1510,-0.1120,-0.5010,0.535
3.605249,0.1300,-0.1240,-0.5170,0.547
3.608333,0.1500,-0.0960,-0.5440,0.572
3.609937,0.1600,-0.1390,-0.5050,0.548
3.612630,0.1790,-0.1300,-0.4940,0.541
3.615277,0.1530,-0.1030,-0.4840,0.518
3.618376,0.1940,-0.0890,-0.4790,0.524
3.620210,0.2030,-0.1010,-0.3970,0.457
3.623459,0.2270,-0.0650,-0.3540,0.426
3.625702,0.2600,-0.0430,-0.3710,0.455
3.628326,0.2860,-0.0410,-0.2590,0.388
3.630153,0.3560,-0.0330,-0.1850,0.403
3.632829,0.3740,-0.0400,-0.1420,0.402
3.635625,0.3790,-0.0090,-0.0790,0.387
3.638377,0.3690,-0.0090,-0.0650,0.375
3.641821,0.3880,0.0000,-0.0350,0.390
3.642690,0.3350,0.0050,-0.0190,0.336
3.645650,0.3110,0.0200,-0.0510,0.316
3.648605,0.2660,0.0060,-0.0730,0.276
3.650473,0.2560,0.0230,-0.0830,0.270
3.652820,0.2470,-0.0140,-0.1100,0.271
3.655862,0.2450,0.0210,-0.1130,0.271
3.659127,0.2660,0.0140,-0.1420,0.302
3.660771,0.2400,0.0190,-0.1640,0.291
3.663146,0.2650,-0.0140,-0.1210,0.292
3.665312,0.2840,0.0070,-0.1550,0.324
3.668954,0.3030,-0.0010,-0.1790,0.352
3.670897,0.3400,0.0100,-0.1580,0.375
3.673017,0.3490,-0.0080,-0.1360,0.375
3.675578,0.3350,-0.0230,-0.1970,0.389
3.679536,0.3450,-0.0300,-0.2210,0.411
3.683866,0.3460,-0.0460,-0.2160,0.410
3.684633,0.3440,-0.0290,-0.2260,0.413
3.687070,0.3060,-0.0560,-0.2330,0.389
3.688473,0.3140,-0.0240,-0.2480,0.401
3.690739,0.3170,-0.0240,-0.2260,0.390
3.694281,0.2940,-0.0510,-0.1960,0.357
3.695788,0.3170,-0.0120,-0.1530,0.352
3.698968,0.3200,-0.0600,-0.1580,0.362
3.700479,0.2870,-0.0430,-0.1470,0.325
3.703448,0.3240,-0.0660,-0.1240,0.353
3.705769,0.3210,-0.0260,-0.0820,0.332
3.708626,0.3550,-0.0370,-0.0940,0.369
3.710448,0.3590,-0.0030,-0.0500,0.362
3.713359,0.3240,0.0050,0.0060,0.324
3.716306,0.3330,0.0130,-0.0110,0.333
3.718906,0.2910,-0.0050,-0.0170,0.292
3.720863,0.3430,-0.0140,0.0200,0.344
3.723254,0.2660,-0.0090,0.0350,0.268
3.726022,0.2510,0.0000,0.0030,0.251
3.729034,0.2320,0.0160,0.0580,0.240
3.730658,0.2050,0.0050,0.0880,0.223
3.733559,0.1890,0.0030,0.1200,0.224
3.736856,0.1460,-0.0010,0.1030,0.179
3.739110,0.1480,0.0360,0.0970,0.181
3.740804,0.1170,0.0270,0.0970,0.154
3.743240,0.0860,0.0290,0.0560,0.107
3.745844,0.0810,0.0050,0.0390,0.090
3.749163,0.0550,-0.0050,-0.0110,0.056
3.750926,0.0620,-0.0220,0.0120,0.067
3.753293,0.0570,-0.0220,-0.0630,0.088
3.755806,0.0640,-0.0080,-0.1180,0.134
3.759223,0.0570,-0.0110,-0.1000,0.116
3.761171,0.0750,-0.0030,-0.1570,0.174
3.763431,0.0920,-0.0110,-0.1850,0.207
3.766275,0.1080,-0.0130,-0.1560,0.190
3.772671,0.1320,0.0000,-0.1870,0.229
3.773420,0.1570,-0.0230,-0.2030,0.258
3.773758,0.1830,-0.0230,-0.1920,0.266
3.776163,0.1850,-0.0140,-0.2110,0.281
3.779294,0.1860,-0.0430,-0.2030,0.279
3.783221,0.2100,-0.0380,-0.1950,0.289
3.783995,0.2210,-0.0330,-0.1930,0.295
3.785815,0.1910,-0.0260,-0.1990,0.277
3.789242,0.2100,-0.0050,-0.2270,0.309
3.792073,0.2140,-0.0120,-0.1770,0.278
3.793767,0.1850,-0.0430,-0.1450,0.239
3.796179,0.1940,-0.0480,-0.1760,0.266
3.798991,0.2150,-0.0140,-0.1920,0.289
3.801512,0.1930,-0.0100,-0.2090,0.285
3.803926,0.1560,-0.0390,-0.1960,0.254
3.806147,0.1440,-0.0170,-0.1960,0.244
3.809155,0.1170,-0.0080,-0.2250,0.254
3.810986,0.1070,-0.0030,-0.1620,0.194
3.814574,0.0850,-0.0100,-0.1640,0.185
3.816174,0.0440,-0.0100,-0.1760,0.182
3.819030,0.0560,-0.0200,-0.1740,0.184
3.821539,0.0290,-0.0200,-0.1640,0.168
3.823533,0.0170,-0.0270,-0.1330,0.137
3.826481,-0.0130,-0.0170,-0.1830,0.184
3.829822,-0.0180,-0.0560,-0.1370,0.149
3.831305,-0.0260,0.0180,-0.1540,0.157
3.833506,-0.0170,-0.0270,-0.1560,0.159
3.837074,-0.0510,-0.0010,-0.1610,0.169
3.839195,-0.0300,-0.0150,-0.1410,0.145
3.840945,-0.0340,0.0200,-0.1390,0.144
3.843662,0.0000,0.0220,-0.1170,0.119
3.846202,0.0350,0.0220,-0.0670,0.079
3.849788,0.0220,0.0250,-0.0790,0.086
3.851256,0.0900,0.0370,-0.0400,0.105
3.854024,0.1340,0.0150,-0.0070,0.135
3.856299,0.1380,0.0470,-0.0050,0.146
3.859505,0.1750,0.0660,-0.0030,0.187
3.861472,0.2090,0.0490,0.0630,0.224
3.864261,0.2220,0.0490,0.0110,0.228
3.866480,0.1890,0.0400,0.0130,0.194
3.872700,0.2530,0.0470,0.0610,0.264
3.873417,0.2390,0.0400,0.0370,0.245
3.873765,0.2620,0.0400,0.0230,0.266
3.876774,0.2680,0.0740,-0.0020,0.278
3.879474,0.2620,0.0280,0.0000,0.263
3.883180,0.2760,0.0230,-0.0020,0.277
3.884141,0.2560,0.0610,-0.0470,0.267
3.886971,0.2810,0.0570,-0.0300,0.288
3.889374,0.2540,0.0330,-0.0510,0.261
3.892113,0.2320,0.0660,-0.0480,0.246
3.894099,0.2030,0.0400,-0.0670,0.217
3.896639,0.2050,0.0250,-0.0850,0.223
3.899963,0.1710,0.0490,-0.1280,0.219
3.901720,0.1590,0.0560,-0.1440,0.222
3.904704,0.1570,0.0680,-0.1810,0.249
3.906770,0.1130,0.0390,-0.2140,0.245
3.909862,0.0560,0.0530,-0.2630,0.274
3.911862,0.0540,0.0360,-0.2460,0.254
3.914329,0.0490,0.0500,-0.2670,0.276
3.916653,0.0300,0.0210,-0.2830,0.285
3.919714,0.0300,0.0210,-0.2780,0.280
3.921305,0.0480,0.0140,-0.2320,0.237
3.924166,0.0630,0.0260,-0.2100,0.221
3.926881,0.0380,0.0360,-0.1670,0.175
3.929741,0.0640,0.0190,-0.1670,0.180
3.931400,0.0710,0.0190,-0.1960,0.209
3.934314,0.0630,0.0380,-0.1390,0.157
3.936636,0.0670,0.0380,-0.1340,0.155
3.939690,0.0590,0.0410,-0.0770,0.105
3.941485,0.0680,0.0120,-0.0960,0.118
3.944155,0.0810,0.0100,-0.0940,0.124
3.948269,0.1040,-0.0110,-0.0870,0.136
3.949777,0.0680,0.0120,-0.0610,0.092
3.952134,0.0910,0.0050,-0.0830,0.123
3.954258,0.0750,-0.0270,-0.0930,0.122
3.957124,0.0770,-0.0250,-0.1310,0.154
3.959649,0.1020,-0.0390,-0.1120,0.156
3.961930,0.1270,-0.0290,-0.1960,0.235
3.964170,0.2810,-0.1730,-0.2890,0.439
3.967036,0.2770,-0.0940,-0.3630,0.466
3.972156,0.2520,-0.0770,-0.3340,0.425
3.973550,0.2270,-0.0240,-0.2930,0.371
3.974341,0.2020,0.0030,-0.2550,0.325
3.976858,0.1720,-0.0030,-0.2630,0.314
3.982419,0.1300,-0.0150,-0.2610,0.292
3.983373,0.0910,-0.0310,-0.2440,0.262
3.984396,0.0620,-0.0840,-0.2040,0.229
3.986947,0.0660,-0.0620,-0.1760,0.198
3.989769,0.0450,-0.0280,-0.1740,0.182
3.992211,0.0400,-0.0230,-0.1340,0.142
3.994548,-0.0180,0.0260,-0.1710,0.174
3.998004,-0.0140,0.0530,-0.1540,0.163
4.000320,-0.0320,0.0700,-0.1100,0.134
4.003503,-0.0380,0.0410,-0.1110,0.124
4.004635,-0.0460,0.0390,-0.0850,0.104
4.007515,-0.0400,0.0270,-0.0880,0.100
4.009378,-0.0270,0.0350,-0.0770,0.089
4.012096,-0.0240,0.0140,-0.0400,0.049
4.014519,-0.0330,0.0350,0.0020,0.048
4.017004,-0.0180,0.0840,-0.0250,0.089
4.019981,0.0220,0.0380,-0.0090,0.045
4.022067,0.0280,0.0670,0.0010,0.073
4.025317,0.0540,0.0700,-0.0200,0.091
4.027522,0.0880,0.0390,-0.0230,0.099
4.029409,0.1290,0.0510,-0.0790,0.160
4.032287,0.2120,0.0660,-0.0220,0.223
4.035103,0.3030,0.1120,-0.0250,0.324
4.037291,0.3290,0.0740,-0.0470,0.340
4.039635,0.4120,0.0810,-0.1140,0.435
4.042078,0.4170,0.0720,-0.0160,0.423
4.044802,0.4620,0.0510,0.0060,0.465
4.047369,0.4960,0.0320,0.0130,0.497
4.049964,0.4360,0.0200,0.0310,0.438
4.052320,0.4050,0.0250,0.0120,0.406
4.054834,0.4010,0.0130,-0.0260,0.402
4.057161,0.3540,0.0420,-0.0350,0.358
4.059919,0.3660,0.0320,-0.0500,0.371
4.062366,0.3460,0.0440,-0.0620,0.354
4.064691,0.3110,0.0450,-0.0760,0.323
4.067472,0.3000,0.0000,-0.0950,0.315
4.072291,0.3020,-0.0050,-0.1470,0.336
4.073252,0.2940,-0.0190,-0.0990,0.311
4.076583,0.3090,-0.0430,-0.1060,0.329
4.077121,0.2560,-0.0410,-0.1220,0.287
4.082804,0.2430,-0.0340,-0.1150,0.271
4.083810,0.2090,-0.0220,-0.1170,0.241
4.084794,0.1890,-0.0380,-0.0880,0.212
4.087467,0.1840,-0.0840,-0.0660,0.213
4.089911,0.1590,-0.0500,-0.0730,0.182
4.092494,0.1660,-0.0620,-0.0850,0.197
4.094871,0.2010,-0.0550,-0.0560,0.216
4.097346,0.1880,-0.0550,-0.0750,0.210
4.100088,0.1780,-0.0820,-0.0500,0.202
4.103237,0.1960,-0.0840,-0.1100,0.240
4.105046,0.2120,-0.0870,-0.1020,0.251
4.107514,0.2490,-0.0360,-0.1010,0.271
4.110337,0.2310,-0.0630,-0.1240,0.270
4.112506,0.2350,-0.0700,-0.1550,0.290
4.115238,0.2440,-0.0680,-0.1320,0.286
4.117817,0.2550,-0.0780,-0.0980,0.284
4.119824,0.2350,-0.0350,-0.1360,0.274
4.122358,0.2340,-0.0180,-0.1400,0.273
4.125314,0.2330,-0.0470,-0.1130,0.263
4.127672,0.2630,-0.0180,-0.1190,0.289
4.129925,0.2380,0.0020,-0.0940,0.256
4.132848,0.2420,-0.0310,-0.1150,0.270
4.136171,0.2700,-0.0190,-0.1140,0.294
4.137932,0.2960,0.0020,-0.0890,0.309
4.140205,0.3140,-0.0140,-0.1030,0.331
4.142551,0.3230,-0.0480,-0.1060,0.343
4.145257,0.3540,-0.0390,-0.1100,0.373
4.147828,0.3220,-0.0240,-0.1090,0.341
4.150217,0.3620,-0.0320,-0.1150,0.381
4.152530,0.3140,-0.0110,-0.1350,0.342
4.155498,0.3110,-0.0490,-0.1180,0.336
4.159112,0.2990,-0.0180,-0.1740,0.346
4.160611,0.2950,-0.0330,-0.2010,0.358
4.162973,0.2610,-0.0310,-0.2240,0.345
4.165157,0.2350,-0.0310,-0.2420,0.339
4.172667,0.2070,-0.0270,-0.2550,0.330
4.173778,0.2070,-0.0220,-0.2820,0.351
4.174335,0.1760,-0.0370,-0.2450,0.304
4.175251,0.1840,-0.0320,-0.2660,0.325
4.178791,0.1790,-0.0470,-0.2670,0.325
4.183586,0.1580,-0.0400,-0.3070,0.348
4.184266,0.1210,-0.0330,-0.2460,0.276
4.185283,0.1120,-0.0140,-0.3000,0.321
4.188336,0.1100,-0.0240,-0.2660,0.289
4.190511,0.0980,-0.0120,-0.2770,0.294
4.193069,0.0870,-0.0120,-0.2500,0.265
4.195425,0.1280,-0.0270,-0.2500,0.282
4.198364,0.1210,-0.0320,-0.2590,0.288
4.200161,0.1070,-0.0510,-0.2080,0.239
4.202951,0.1220,-0.0340,-0.1840,0.223
4.205618,0.1080,-0.0150,-0.1760,0.207
4.208860,0.0790,-0.0320,-0.2240,0.240
4.210377,0.0390,-0.0420,-0.1710,0.180
4.213840,0.0160,-0.0270,-0.2140,0.216
4.215765,0.0090,-0.0320,-0.2000,0.203
4.218758,-0.0060,-0.0150,-0.2000,0.201
4.220735,0.0050,-0.0110,-0.1900,0.190
4.223294,0.0080,-0.0150,-0.2000,0.201
4.225713,0.0480,-0.0060,-0.2310,0.236
4.228538,0.0600,-0.0440,-0.1840,0.198
4.230467,0.0890,0.0030,-0.1930,0.213
4.233675,0.1320,0.0170,-0.1840,0.227
4.236394,0.1540,0.0010,-0.1600,0.222
4.238708,0.1510,-0.0010,-0.1610,0.221
4.240303,0.1410,0.0170,-0.1400,0.199
4.243675,0.1360,0.0390,-0.1520,0.208
4.245452,0.1530,0.0340,-0.1140,0.194
4.248901,0.1120,0.0350,-0.1220,0.169
4.250687,0.1240,0.0350,-0.0770,0.150
4.253066,0.1290,0.0130,-0.0360,0.135
4.255729,0.1460,0.0490,-0.0420,0.160
4.258737,0.1410,0.0490,-0.0210,0.151
4.260877,0.1250,0.0210,0.0040,0.127
4.263209,0.1300,0.0040,0.0160,0.131
4.265499,0.1270,0.0350,0.0100,0.132
4.272233,0.1250,0.0230,-0.0320,0.131
4.273704,0.1400,0.0280,0.0070,0.143
4.274162,0.0990,-0.0040,0.0170,0.101
4.275650,0.0870,0.0230,-0.0090,0.090
4.278821,0.0990,0.0090,-0.0370,0.106
4.282377,0.0660,0.0430,-0.0680,0.104
4.283157,0.0970,0.0380,-0.0880,0.136
4.285931,0.0830,-0.0040,-0.1020,0.132
4.288789,0.0880,0.0020,-0.0920,0.127
4.291728,0.1410,-0.0160,-0.1040,0.176
4.293430,0.1190,-0.0090,-0.1200,0.169
4.295921,0.1740,-0.0410,-0.1440,0.230
4.298972,0.1650,-0.0450,-0.1410,0.222
4.300547,0.1810,-0.0290,-0.1510,0.237
4.303463,0.2030,-0.0120,-0.1720,0.266
4.305877,0.1930,-0.0170,-0.1790,0.264
4.308859,0.1880,-0.0340,-0.1660,0.253
4.311058,0.1670,-0.0170,-0.1730,0.241
4.313499,0.1480,-0.0070,-0.1870,0.239
4.315808,0.1650,-0.0100,-0.1870,0.250
4.319326,0.0880,-0.0170,-0.2030,0.222
4.320755,0.0790,0.0080,-0.1910,0.207
4.323764,0.0670,-0.0320,-0.1980,0.211
4.326340,0.0360,-0.0320,-0.2000,0.206
4.329316,0.0010,-0.0250,-0.2120,0.213
4.331031,-0.0220,-0.0100,-0.2160,0.217
4.333281,-0.0190,0.0080,-0.2210,0.222
4.336182,-0.0450,-0.0150,-0.1920,0.198
4.339113,-0.0550,0.0170,-0.2130,0.221
4.340859,-0.0310,0.0120,-0.2230,0.225
4.344288,-0.0330,0.0270,-0.2010,0.205
4.347383,-0.0120,0.0290,-0.1630,0.166
4.349237,0.0680,0.0460,-0.1480,0.169
4.351088,0.1040,0.0360,-0.1770,0.208
4.353274,0.1350,0.0120,-0.1550,0.206
4.356406,0.1790,0.0410,-0.1140,0.216
4.359303,0.1860,0.0550,-0.0710,0.207
4.361036,0.2330,0.0480,-0.0430,0.242
4.363596,0.2160,0.0270,-0.0670,0.228
4.366226,0.2700,0.0460,-0.0240,0.275
4.371880,0.2320,0.0560,0.0150,0.239
4.372553,0.2340,0.0560,-0.0050,0.241
4.373897,0.2140,0.0610,0.0370,0.226
4.376472,0.2020,0.0340,-0.0010,0.205
4.383471,0.1660,0.0370,0.0060,0.170
4.385135,0.1820,0.0390,0.0410,0.191
4.385556,0.1580,0.0300,0.0100,0.161
4.386047,0.1440,0.0320,0.0100,0.148
4.389654,0.1010,0.0130,0.0000,0.102
4.391409,0.1060,0.0220,-0.0500,0.119
4.393804,0.0650,0.0100,-0.0520,0.084
4.396167,0.0750,-0.0250,-0.1140,0.139
4.399601,0.0800,-0.0150,-0.1110,0.138
4.402793,0.0820,-0.0040,-0.1250,0.150
4.403964,0.1040,-0.0510,-0.1460,0.186
4.406570,0.0960,-0.0400,-0.1820,0.210
4.409194,0.0770,-0.0420,-0.1980,0.217
4.411169,0.0870,-0.0370,-0.1660,0.191
4.413997,0.1010,-0.0730,-0.1400,0.187
4.416344,0.0650,-0.0420,-0.1270,0.149
4.419817,0.0570,-0.0350,-0.1060,0.125
4.421238,0.0720,-0.0400,-0.1360,0.159
4.424798,0.0350,-0.0330,-0.0790,0.092
4.426551,0.0040,-0.0620,-0.0760,0.098
4.429308,0.0470,-0.0430,-0.0450,0.078
4.431367,0.0300,-0.0260,-0.0210,0.045
4.433773,0.0750,-0.0210,0.0070,0.078
4.437915,0.1130,-0.0260,0.0260,0.119
4.439379,0.1530,-0.0230,0.0600,0.166
4.441677,0.1910,-0.0120,0.0250,0.193
4.443915,0.2140,-0.0360,0.0660,0.227
4.446846,0.2400,0.0020,0.0370,0.243
4.449324,0.2390,-0.0260,0.0330,0.243
4.451338,0.2620,-0.0190,0.0480,0.267
4.454291,0.2570,0.0000,0.0800,0.269
4.456243,0.2470,0.0080,-0.0210,0.248
4.459557,0.2470,-0.0030,0.0100,0.247
4.461939,0.2300,0.0180,-0.0240,0.232
4.463894,0.1650,0.0170,-0.0680,0.179
4.466706,0.1410,-0.0200,-0.0690,0.158
4.471982,0.1030,-0.0090,-0.1180,0.157
4.472860,0.0810,0.0210,-0.1140,0.141
4.474332,0.0890,0.0040,-0.1960,0.215
4.477492,0.0860,0.0010,-0.2140,0.231
4.483977,0.0840,0.0130,-0.2360,0.251
4.485170,0.0600,0.0000,-0.2510,0.258
4.485794,0.1030,0.0240,-0.2760,0.296
4.487120,0.1080,-0.0090,-0.2790,0.299
4.489930,0.1230,0.0090,-0.2920,0.317
4.491872,0.1270,-0.0100,-0.3310,0.355
4.494075,0.1420,-0.0070,-0.3010,0.333
4.496683,0.1510,-0.0250,-0.3330,0.366
4.499846,0.0960,-0.0060,-0.3150,0.329
4.502686,0.1340,-0.0160,-0.3060,0.334
4.504425,0.0890,-0.0110,-0.2880,0.302
4.506762,0.0860,0.0020,-0.2870,0.300
4.509532,0.0840,-0.0310,-0.2840,0.298
4.511923,0.0720,-0.0330,-0.2450,0.257
4.514762,0.0550,0.0000,-0.2370,0.243
4.516841,0.0670,-0.0070,-0.2240,0.234
4.519463,0.0670,-0.0150,-0.2400,0.250
4.521645,0.0810,-0.0290,-0.2180,0.234
4.524936,0.1100,-0.0410,-0.1910,0.224
4.527020,0.1380,-0.0080,-0.1930,0.237
4.529679,0.1240,-0.0320,-0.1900,0.229
4.531621,0.1120,-0.0080,-0.1940,0.224
4.534606,0.1160,-0.0150,-0.1790,0.214
4.536974,0.1590,0.0030,-0.2090,0.263
4.539674,0.1640,0.0030,-0.1850,0.247
4.541720,0.1710,0.0220,-0.1600,0.235
4.544288,0.1800,-0.0110,-0.1980,0.268
4.547108,0.1560,0.0050,-0.1950,0.250
4.549680,0.1680,0.0120,-0.1920,0.255
4.552087,0.1650,0.0040,-0.1820,0.246
4.554442,0.1890,0.0090,-0.1890,0.267
4.557955,0.1460,0.0090,-0.1450,0.206
4.559662,0.1650,0.0230,-0.1830,0.247
4.561978,0.1770,0.0160,-0.1640,0.242
4.564735,0.1630,-0.0090,-0.1660,0.233
4.567099,0.1200,0.0180,-0.1630,0.203
4.569705,0.1150,0.0130,-0.1600,0.197
4.571954,0.0980,0.0160,-0.1600,0.188
4.574680,0.0750,0.0010,-0.1690,0.185
4.576769,0.0440,0.0000,-0.1760,0.181
4.583012,0.0460,-0.0120,-0.1930,0.199
4.584353,0.0280,-0.0240,-0.1740,0.178
4.585357,0.0000,-0.0460,-0.2020,0.207
4.587044,0.0280,-0.0150,-0.1800,0.183
4.589670,-0.0140,0.0010,-0.2000,0.200
4.594298,0.0020,0.0000,-0.2210,0.221
4.595105,0.0260,0.0080,-0.1970,0.199
4.597061,0.0610,-0.0030,-0.2430,0.251
4.599626,0.0850,0.0130,-0.2230,0.239
4.602151,0.1040,0.0230,-0.2070,0.233
4.604573,0.1290,0.0180,-0.2120,0.249
4.607254,0.1290,0.0160,-0.1620,0.208
4.609490,0.1550,-0.0170,-0.1670,0.228
4.612393,0.1370,0.0330,-0.1550,0.209
4.615051,0.1250,0.0180,-0.1530,0.198
4.617463,0.1080,0.0160,-0.1370,0.175
4.620228,0.0600,0.0260,-0.1830,0.194
4.623033,0.0280,0.0350,-0.1710,0.177
4.624965,0.0640,0.0190,-0.1810,0.193
4.627634,0.0400,0.0050,-0.1530,0.158
4.629841,0.0630,0.0170,-0.1580,0.171
4.632347,0.0750,0.0260,-0.1250,0.148
4.635851,0.0790,0.0190,-0.1570,0.177
4.638706,0.1210,0.0000,-0.1220,0.172
4.640493,0.1070,0.0320,-0.1050,0.153
4.642282,0.1130,0.0220,-0.1540,0.192
4.644925,0.1650,0.0010,-0.1140,0.201
4.647424,0.1570,-0.0220,-0.0880,0.181
4.649883,0.1540,-0.0170,-0.1030,0.186
4.652235,0.1420,-0.0120,-0.1040,0.176
4.655493,0.1580,-0.0050,-0.1020,0.188
4.658029,0.1530,-0.0400,-0.0690,0.173
4.660101,0.1330,-0.0570,-0.1030,0.178
4.662840,0.1200,-0.0400,-0.0560,0.138
4.665301,0.1320,-0.0060,-0.0680,0.149
4.669343,0.0810,-0.0090,-0.0880,0.120
4.670234,0.0620,-0.0060,-0.0910,0.110
4.672528,0.0570,0.0030,-0.0440,0.072
4.675451,0.0490,-0.0130,-0.0800,0.095
4.677557,0.0200,-0.0180,-0.1140,0.117
4.682806,0.0530,0.0080,-0.0950,0.109
4.683537,0.0770,-0.0010,-0.0670,0.102
4.685838,0.0980,0.0130,-0.0600,0.116
4.687771,0.1210,-0.0030,-0.0530,0.132
4.693267,0.1420,0.0110,-0.0440,0.149
4.693946,0.2010,-0.0030,-0.0250,0.203
4.694882,0.1950,-0.0050,0.0070,0.195
4.697660,0.2070,-0.0120,0.0330,0.210
4.699930,0.2040,-0.0070,0.0120,0.204
4.702765,0.2010,0.0060,0.0070,0.201
4.705131,0.2100,-0.0360,0.0280,0.215
4.707786,0.1970,-0.0380,0.0020,0.201
4.710150,0.2140,-0.0120,0.0280,0.216
4.712915,0.2080,-0.0190,-0.0110,0.209
4.715088,0.1870,-0.0120,-0.0160,0.188
4.717661,0.2010,-0.0140,-0.0130,0.202
4.720070,0.1910,-0.0140,-0.0390,0.195
4.722416,0.1950,0.0010,-0.0430,0.200
4.725286,0.2090,0.0080,-0.0520,0.216
4.728064,0.1990,-0.0430,-0.0690,0.215
4.730019,0.1970,-0.0290,-0.0750,0.213
4.732748,0.1990,-0.0360,-0.0670,0.213
4.736060,0.1800,-0.0250,-0.1070,0.211
4.738327,0.1770,-0.0460,-0.0800,0.200
4.740078,0.1580,-0.0320,-0.1320,0.208
4.742776,0.1650,-0.0110,-0.1480,0.222
4.746916,0.1150,-0.0490,-0.1350,0.184
4.748485,0.0990,-0.0180,-0.1580,0.187
4.750237,0.0410,-0.0430,-0.1720,0.182
4.752516,0.0200,-0.0360,-0.1730,0.178
4.755634,0.0130,-0.0020,-0.1770,0.177
4.758521,-0.0090,-0.0120,-0.1880,0.189
4.760347,-0.0140,-0.0150,-0.1900,0.191
4.762760,0.0050,0.0100,-0.1810,0.181
4.765539,0.0210,-0.0490,-0.1760,0.184
4.771308,0.0210,-0.0060,-0.1580,0.160
4.772057,0.0810,-0.0060,-0.1620,0.181
4.774831,0.0740,-0.0370,-0.1400,0.163
4.775606,0.1020,-0.0370,-0.1320,0.171
4.778413,0.1360,0.0000,-0.0980,0.168
4.782107,0.1380,-0.0400,-0.1260,0.191
4.782725,0.1300,-0.0430,-0.1130,0.178
4.785411,0.1090,-0.0070,-0.0910,0.142
4.788307,0.1320,-0.0210,-0.0980,0.166
4.791081,0.1300,-0.0210,-0.0850,0.157
4.792833,0.1230,-0.0190,-0.0870,0.152
4.795462,0.1100,0.0110,-0.1030,0.151
4.798891,0.1100,-0.0100,-0.1110,0.157
4.800280,0.1150,-0.0270,-0.1200,0.168
4.803033,0.1150,-0.0050,-0.1290,0.173
4.805460,0.1340,-0.0080,-0.1260,0.184
4.808719,0.1030,-0.0060,-0.1390,0.173
4.810494,0.1200,0.0000,-0.1500,0.192
4.813879,0.0980,-0.0010,-0.1570,0.185
4.815911,0.0860,-0.0060,-0.1770,0.197
4.818818,0.0770,0.0120,-0.1430,0.163
4.820805,0.0770,0.0020,-0.1640,0.181
4.825339,0.0650,0.0020,-0.1440,0.158
4.826282,0.0630,-0.0140,-0.1570,0.170
4.828905,0.0370,-0.0120,-0.1230,0.129
4.830771,0.0180,0.0080,-0.1530,0.154
4.833146,0.0370,-0.0010,-0.1310,0.136
4.836110,0.0300,-0.0220,-0.1300,0.135
4.838980,0.0280,-0.0130,-0.1340,0.138
4.840682,0.0250,0.0240,-0.1600,0.164
4.843749,0.0230,-0.0300,-0.1710,0.175
4.846508,0.0400,-0.0010,-0.1830,0.187
4.849074,0.0470,-0.0230,-0.2080,0.214
4.850706,0.0560,-0.0300,-0.2030,0.213
4.853029,0.0490,-0.0210,-0.1870,0.194
4.855729,0.0700,-0.0400,-0.1700,0.188
4.858880,0.1250,-0.0280,-0.1910,0.230
4.860837,0.1370,-0.0310,-0.1980,0.243
4.863763,0.1390,-0.0190,-0.1640,0.216
4.865728,0.1600,-0.0330,-0.1630,0.231
4.874148,0.1590,-0.0070,-0.1820,0.242
4.875180,0.1710,-0.0240,-0.1910,0.257
4.875597,0.1970,0.0110,-0.2190,0.295
4.878014,0.1970,-0.0460,-0.2260,0.303
4.879989,0.1680,-0.0150,-0.2210,0.278
4.884539,0.1840,0.0150,-0.2080,0.278
4.885410,0.1070,-0.0120,-0.2270,0.251
4.885857,0.0930,0.0030,-0.1860,0.208
4.888893,0.0620,-0.0240,-0.2410,0.250
4.891063,0.0810,-0.0270,-0.2530,0.267
4.893485,0.0350,-0.0080,-0.2480,0.251
4.896105,0.0620,0.0030,-0.2380,0.246
4.899654,0.0040,-0.0050,-0.2400,0.240
4.900830,0.0180,0.0010,-0.2550,0.256
4.903433,0.0210,-0.0100,-0.2260,0.227
4.905929,0.0140,0.0270,-0.2430,0.245
4.909245,0.0540,0.0150,-0.2310,0.238
4.911242,0.0370,0.0010,-0.1880,0.192
4.913530,0.0490,-0.0240,-0.1760,0.184
4.916008,0.0270,0.0080,-0.1740,0.176
4.919359,0.0490,0.0130,-0.1240,0.134
4.920815,0.0560,0.0230,-0.0750,0.096
4.924276,0.0720,0.0370,-0.0920,0.123
4.926400,0.1030,0.0230,-0.0930,0.141
4.929105,0.0500,0.0000,-0.0310,0.059
4.931911,0.0620,-0.0140,-0.0200,0.067
4.933557,0.1120,0.0400,-0.0230,0.121
4.936230,0.0920,0.0310,-0.0140,0.098
4.939219,0.0820,0.0070,-0.0210,0.085
4.941271,0.0890,0.0360,0.0000,0.096
4.943521,0.0750,0.0670,-0.0130,0.101
4.947270,0.0720,0.0460,-0.0040,0.086
4.949272,0.0930,0.0170,0.0120,0.095
4.951241,0.1190,0.0120,0.0190,0.121
4.953711,0.1310,-0.0030,0.0330,0.135
4.958385,0.1540,0.0370,0.0200,0.160
4.959610,0.1290,0.0030,0.0190,0.130
4.961312,0.1410,-0.0030,0.0210,0.143
4.964169,0.1160,0.0040,-0.0050,0.116
4.966572,0.1090,0.0230,-0.0500,0.122
4.969357,0.0680,-0.0020,-0.0410,0.079
4.971313,0.1080,0.0000,-0.0680,0.128
4.973773,0.0760,0.0160,-0.0800,0.111
4.976085,0.0740,-0.0240,-0.0960,0.124
4.982896,0.0780,-0.0240,-0.0560,0.099
4.983711,0.0420,-0.0550,-0.1060,0.127
4.984070,0.0600,-0.0380,-0.1150,0.135
4.986290,0.0820,-0.0310,-0.1180,0.147
4.989818,0.0980,-0.0450,-0.1530,0.187
4.993922,0.1070,-0.0500,-0.1430,0.185
4.994689,0.1280,-0.0550,-0.1380,0.196
4.996201,0.1200,-0.0530,-0.1280,0.183
4.999320,0.1100,-0.0580,-0.1540,0.198
5.002373,0.1400,-0.0480,-0.1470,0.209
5.004029,0.0940,-0.0430,-0.1490,0.181
5.006806,0.1110,-0.0340,-0.1170,0.165
5.009346,0.0930,-0.0290,-0.1410,0.171
5.011340,0.1000,-0.0100,-0.1520,0.182
5.014325,0.1230,-0.0200,-0.1110,0.167
5.016615,0.1060,0.0000,-0.1370,0.173
5.019646,0.1130,-0.0120,-0.0820,0.140
5.021722,0.1080,-0.0080,-0.1290,0.168
5.024198,0.0950,-0.0050,-0.1430,0.172
5.026881,0.1070,0.0170,-0.1230,0.164
5.029529,0.1230,-0.0100,-0.1090,0.165
5.031700,0.1180,0.0010,-0.1420,0.185
5.034676,0.1010,-0.0060,-0.1390,0.172
5.037067,0.1030,-0.0030,-0.1740,0.202
5.039827,0.1220,-0.0010,-0.2290,0.259
5.041676,0.0930,0.0140,-0.2810,0.296
5.044081,0.0830,0.0240,-0.2920,0.305
5.047042,0.0920,0.0190,-0.3050,0.319
5.049476,0.0920,-0.0020,-0.2930,0.307
5.051888,0.1010,0.0140,-0.3140,0.330
5.053918,0.1080,-0.0160,-0.3110,0.330
5.058195,0.1340,-0.0140,-0.3180,0.345
5.059897,0.1240,-0.0020,-0.3270,0.350
5.061613,0.1410,-0.0020,-0.3300,0.359
5.064147,0.1190,-0.0230,-0.3180,0.340
5.067232,0.1330,-0.0520,-0.2990,0.331
5.069936,0.1260,0.0070,-0.3370,0.360
5.072053,0.1140,-0.0400,-0.2750,0.300
5.074200,0.1060,-0.0020,-0.3000,0.318
5.076960,0.0920,-0.0490,-0.2740,0.293
5.083038,0.0680,-0.0320,-0.2600,0.271
5.084141,0.0630,-0.0250,-0.2590,0.268
5.084825,0.0740,-0.0370,-0.2620,0.275
5.086826,0.0290,-0.0530,-0.2530,0.260
5.089755,0.0170,-0.0290,-0.2520,0.254
5.094681,0.0170,-0.0430,-0.2120,0.217
5.095313,-0.0180,-0.0020,-0.1990,0.200
5.096849,-0.0090,-0.0050,-0.1790,0.179
5.099562,-0.0160,0.0070,-0.1820,0.183
5.101934,0.0310,-0.0060,-0.1450,0.148
5.104285,0.0140,-0.0230,-0.1280,0.131
5.106879,0.0300,-0.0200,-0.1430,0.147
5.109418,0.0560,-0.0170,-0.1040,0.119
5.113017,0.0890,-0.0150,-0.1180,0.149
5.114546,0.1080,-0.0190,-0.0970,0.146
5.118088,0.1000,0.0140,-0.0890,0.135
5.119660,0.1210,-0.0230,-0.0550,0.135
5.121967,0.0850,-0.0010,-0.0130,0.086
5.124615,0.1110,0.0170,-0.0030,0.112
5.127216,0.1080,0.0130,0.0050,0.109
5.129409,0.1130,0.0030,0.0330,0.118
5.132154,0.1110,0.0010,0.0490,0.121
5.135275,0.1250,-0.0190,0.0490,0.136
5.137143,0.1160,0.0150,0.0460,0.126
5.139963,0.1110,0.0000,0.0490,0.121
5.142033,0.1210,0.0130,0.0340,0.126
5.144640,0.1370,0.0180,0.0590,0.150
5.147341,0.1350,0.0200,0.0040,0.137
5.149812,0.1140,0.0250,0.0140,0.118
5.152171,0.1040,-0.0170,-0.0210,0.107
5.154670,0.0690,0.0010,-0.0420,0.081
5.157296,0.0550,-0.0080,-0.0430,0.070
5.159859,0.0380,0.0290,-0.0790,0.092
5.162065,0.0430,0.0120,-0.0750,0.087
5.164846,0.0010,0.0260,-0.1750,0.177
5.167756,0.0000,0.0500,-0.1330,0.142
5.170057,0.0280,0.0230,-0.1650,0.169
5.172245,-0.0110,-0.0030,-0.1690,0.169
5.174795,-0.0040,0.0060,-0.1750,0.175
5.177663,-0.0130,0.0050,-0.1830,0.184
5.182446,-0.0010,0.0290,-0.1910,0.193
5.183665,-0.0270,0.0340,-0.2260,0.230
5.184719,0.0040,0.0290,-0.1870,0.189
5.187456,0.0180,0.0000,-0.2190,0.220
5.192589,0.0620,0.0210,-0.2060,0.216
5.194000,0.0330,0.0060,-0.1690,0.172
5.194922,0.0620,0.0060,-0.1700,0.181
5.197253,0.0960,-0.0120,-0.1860,0.210
5.199888,0.0760,-0.0030,-0.2060,0.220
5.202278,0.1240,-0.0030,-0.2000,0.235
5.204949,0.0650,-0.0180,-0.2020,0.213
5.207378,0.0770,-0.0160,-0.1770,0.194
5.209824,0.0340,-0.0280,-0.1900,0.195
5.212911,0.0650,-0.0040,-0.2080,0.218
5.214845,0.0170,-0.0210,-0.1810,0.183
5.217703,0.0460,0.0020,-0.1750,0.181
5.219825,0.0440,-0.0190,-0.1620,0.169
5.222096,0.0610,-0.0480,-0.1760,0.192
5.224986,0.0340,-0.0150,-0.1890,0.193
5.227340,0.0370,-0.0170,-0.1650,0.170
5.229945,0.0750,-0.0100,-0.1520,0.170
5.232362,0.0730,-0.0130,-0.1780,0.193
5.235454,0.0700,-0.0270,-0.1840,0.199
5.237797,0.0730,0.0070,-0.1570,0.173
5.240069,0.0460,-0.0320,-0.1540,0.164
5.242272,0.0460,0.0100,-0.1350,0.143
5.246282,0.0440,0.0020,-0.1510,0.157
5.247746,0.0420,-0.0280,-0.1140,0.125
5.250160,0.0660,-0.0020,-0.1140,0.132
5.252732,0.0440,-0.0260,-0.0680,0.085
5.255289,0.0420,-0.0280,-0.0970,0.109
5.257714,0.0560,-0.0280,-0.1130,0.129
5.260049,0.0560,-0.0330,-0.1080,0.126
5.262685,0.0820,-0.0380,-0.0770,0.119
5.264872,0.0910,-0.0240,-0.0910,0.131
5.271870,0.0770,-0.0500,-0.0860,0.126
5.272992,0.0840,-0.0400,-0.1070,0.142
5.273371,0.0860,-0.0140,-0.1360,0.162
5.275086,0.1050,-0.0500,-0.0850,0.144
5.282195,0.0980,-0.0450,-0.0990,0.146
5.283446,0.1220,-0.0290,-0.0970,0.159
5.283787,0.1220,-0.0330,-0.1080,0.166
5.285186,0.1260,-0.0360,-0.1300,0.185
5.288078,0.1240,-0.0220,-0.1560,0.200
5.291307,0.0850,-0.0310,-0.1650,0.188
5.292842,0.0350,-0.0480,-0.1570,0.168
5.295642,0.0020,-0.0150,-0.1670,0.168
5.298655,0.0050,0.0060,-0.1590,0.159
5.300255,-0.0130,-0.0390,-0.1590,0.164
5.302793,-0.0490,-0.0120,-0.1450,0.154
5.305187,-0.0600,0.0270,-0.1590,0.172
5.308649,-0.0550,0.0080,-0.1520,0.162
5.310242,-0.0620,0.0250,-0.1250,0.142
5.313140,-0.0480,0.0150,-0.0980,0.110
5.315583,-0.0340,0.0100,-0.1170,0.122
5.318307,-0.0550,0.0130,-0.1450,0.156
5.320140,-0.0030,0.0320,-0.1020,0.107
5.324118,-0.0180,0.0200,-0.1250,0.128
5.325409,-0.0110,-0.0110,-0.1180,0.119
5.328580,0.0070,0.0340,-0.1170,0.122
5.330274,0.0330,0.0170,-0.1360,0.141
5.332892,0.0400,-0.0010,-0.1000,0.108
5.338475,0.0080,0.0150,-0.1190,0.120
5.339218,0.0270,0.0070,-0.0730,0.078
5.340381,0.0270,0.0000,-0.0680,0.073
5.343024,0.0530,0.0260,-0.0080,0.060
5.346661,0.0520,0.0140,-0.0440,0.070
5.348526,0.0400,0.0140,0.0030,0.042
5.350451,0.0610,-0.0060,0.0400,0.073
5.353134,0.0560,0.0020,0.0280,0.063
5.358066,0.0550,0.0020,0.0810,0.098
5.358760,0.0690,0.0100,0.1170,0.136
5.362687,0.0590,0.0170,0.1200,0.135
5.364718,0.0850,0.0190,0.1300,0.156
5.365783,0.0780,-0.0020,0.1400,0.160
5.371749,0.1230,0.0140,0.1190,0.172
5.373132,0.1080,0.0120,0.1100,0.155
5.373465,0.1050,0.0310,0.1300,0.170
5.375376,0.0830,0.0280,0.0760,0.116
5.382853,0.1210,0.0280,0.0460,0.132
5.383836,0.0800,0.0060,0.0320,0.086
5.384764,0.0850,0.0440,0.0430,0.105
5.385778,0.0770,-0.0060,0.0160,0.079
5.389194,0.0510,0.0080,0.0010,0.052
5.393677,0.0220,0.0170,-0.0210,0.035
5.394281,0.0150,0.0070,-0.0410,0.044
5.395796,0.0190,0.0090,-0.0580,0.062
5.398737,-0.0080,-0.0120,-0.0590,0.061
5.401208,-0.0160,0.0080,-0.0770,0.079
5.403461,-0.0090,0.0010,-0.1040,0.104
5.405501,-0.0040,0.0170,-0.1000,0.102
5.409355,0.0050,-0.0090,-0.1170,0.117
5.411015,-0.0110,-0.0260,-0.0820,0.087
5.413426,0.0060,-0.0500,-0.1260,0.136
5.415875,0.0160,-0.0330,-0.1220,0.127
5.418942,0.0320,-0.0430,-0.1560,0.165
5.420673,-0.0010,-0.0510,-0.0990,0.111
5.424006,0.0240,-0.0460,-0.1050,0.117
5.426065,-0.0130,-0.0180,-0.1010,0.103
5.428932,0.0210,-0.0230,-0.0800,0.086
5.430825,0.0000,0.0090,-0.0530,0.054
5.433179,0.0000,-0.0330,-0.0350,0.048
5.436145,-0.0070,0.0110,-0.0190,0.023
5.438997,0.0060,-0.0190,0.0100,0.022
5.440784,0.0170,-0.0320,-0.0140,0.039
5.443789,0.0050,-0.0150,0.0000,0.016
5.445878,0.0120,0.0390,0.0150,0.043
5.449061,0.0190,0.0120,0.0060,0.023
5.451092,0.0350,-0.0090,0.0170,0.040
5.453257,0.0660,-0.0160,0.0050,0.068
5.457301,0.0820,-0.0210,0.0210,0.087
5.459326,0.0740,0.0000,-0.0250,0.078
5.461066,0.1120,0.0060,-0.0210,0.114
5.463441,0.1070,-0.0370,-0.0400,0.120
5.465938,0.0990,-0.0110,-0.0700,0.122
5.469326,0.1010,-0.0130,-0.0940,0.139
5.471193,0.0940,-0.0070,-0.1000,0.137
5.473332,0.0670,-0.0070,-0.0670,0.095
5.476047,0.0930,-0.0500,-0.1270,0.165
5.482089,0.1100,-0.0440,-0.1680,0.206
5.483601,0.0660,-0.0200,-0.1780,0.191
5.484068,0.0660,-0.0440,-0.2180,0.232
5.486130,0.0610,-0.0350,-0.1970,0.209
5.491988,0.0470,-0.0620,-0.2490,0.261
5.492756,0.0560,-0.0740,-0.2950,0.309
5.493670,0.0370,-0.0720,-0.2440,0.257
5.496095,0.0320,-0.0650,-0.2690,0.279
5.499665,0.0310,-0.0480,-0.2560,0.262
5.501375,0.0190,-0.0340,-0.2500,0.253
5.503748,0.0210,-0.0320,-0.2310,0.234
5.506352,0.0310,-0.0080,-0.2110,0.213
5.509854,0.0380,-0.0270,-0.1890,0.195
5.511644,0.0320,-0.0460,-0.1620,0.171
5.513804,0.0580,-0.0220,-0.1450,0.158
5.516330,0.0410,-0.0150,-0.1090,0.117
5.519295,0.0360,0.0030,-0.0880,0.095
5.521213,0.0600,0.0130,-0.0570,0.084
5.524049,0.0690,0.0010,0.0000,0.069
5.526404,0.0430,-0.0200,-0.0210,0.052
5.529136,0.0690,-0.0510,-0.0240,0.089
5.531203,0.0710,-0.0340,0.0010,0.079
5.534810,0.0580,-0.0390,-0.0220,0.073
5.536378,0.0340,-0.0480,0.0100,0.060
5.539334,0.0340,-0.0460,-0.0130,0.059
5.541084,0.0290,-0.0100,-0.0080,0.032
5.543888,0.0460,-0.0550,-0.0230,0.075
5.546956,0.0150,-0.0310,-0.0460,0.057
5.549311,0.0190,-0.0360,-0.0420,0.058
5.551339,0.0100,-0.0240,-0.0490,0.055
5.554260,0.0190,-0.0240,-0.0490,0.058
5.556914,0.0290,-0.0290,-0.0510,0.065
5.559524,0.0310,-0.0170,-0.0490,0.060
5.561259,0.0310,-0.0100,-0.0490,0.059
5.564319,0.0280,-0.0260,-0.0680,0.078
5.566238,0.0330,-0.0240,-0.0350,0.054
5.570018,0.0040,-0.0240,-0.0160,0.029
5.571333,0.0080,-0.0190,-0.0110,0.023
5.573836,0.0030,-0.0090,0.0400,0.041
5.576265,0.0290,-0.0310,0.0210,0.047
5.582030,0.0220,-0.0400,0.0830,0.095
5.582824,0.0460,-0.0450,0.1210,0.137
5.583942,0.0880,-0.0400,0.1250,0.158
5.586722,0.1260,-0.0690,0.1250,0.190
5.591619,0.1400,-0.0570,0.0890,0.175
5.592300,0.1660,-0.0850,0.0740,0.201
5.594042,0.1820,-0.0590,0.0640,0.202
5.597368,0.1820,-0.0490,0.0550,0.196
5.599898,0.1810,-0.1020,0.0410,0.212
5.601835,0.1640,-0.0950,-0.0200,0.191
5.604075,0.1160,-0.0540,-0.0390,0.134
5.606866,0.0850,-0.0830,-0.0770,0.142
5.609787,0.0590,-0.0620,-0.0840,0.120
5.612745,-0.0090,-0.0880,-0.0910,0.127
5.614368,-0.0180,-0.0480,-0.2810,0.286
5.616972,-0.1280,-0.0380,-0.4480,0.467
5.619809,-0.1990,-0.0070,-0.5810,0.614
5.621521,-0.2510,-0.0100,-0.5750,0.627
5.624341,-0.2720,0.0270,-0.4860,0.558
5.626883,-0.2590,0.0130,-0.4020,0.478
5.629319,-0.2160,0.0220,-0.2700,0.346
5.631777,-0.1370,-0.0240,-0.0940,0.168
5.634888,-0.0200,0.0150,0.0480,0.054
5.637095,0.0570,0.0010,0.2160,0.223
5.639821,0.1350,-0.0090,0.2910,0.321
5.641624,0.2270,-0.0040,0.4330,0.489
5.644210,0.2310,0.0050,0.4650,0.519
5.646910,0.2810,0.0050,0.5330,0.603
5.649383,0.2890,-0.0080,0.5410,0.613
5.651748,0.2670,0.0040,0.5430,0.605
5.654830,0.2590,0.0180,0.5040,0.567
5.656706,0.2330,-0.0210,0.4110,0.473
5.659407,0.2160,-0.0160,0.4170,0.470
5.661542,0.1630,-0.0040,0.3090,0.349
5.664119,0.1390,0.0090,0.2700,0.304
5.667066,0.0560,0.0070,0.1720,0.181
5.669353,0.0230,0.0170,0.1140,0.118
5.671657,-0.0330,0.0260,0.0400,0.058
5.674092,-0.0970,0.0210,0.0100,0.100
5.676671,-0.1270,0.0310,-0.0440,0.138
5.679735,-0.1600,0.0020,-0.0770,0.178
5.681724,-0.1830,0.0230,-0.0840,0.203
5.684141,-0.1830,-0.0020,-0.1070,0.212
5.686632,-0.1460,0.0000,-0.0950,0.174
5.691101,-0.0910,-0.0310,-0.1210,0.155
5.692098,-0.0170,0.0130,-0.1130,0.115
5.694434,0.0540,-0.0270,-0.1200,0.134
5.696866,0.0770,-0.0360,-0.0960,0.128
5.699292,0.1320,-0.0530,-0.0930,0.170
5.701989,0.1620,-0.0650,-0.1100,0.206
5.704243,0.2070,-0.1010,-0.0660,0.240
5.706736,0.2350,-0.0390,-0.1090,0.262
5.709197,0.2160,-0.0290,-0.0660,0.228
5.712003,0.1790,-0.0550,-0.0740,0.201
